id,grid_lat,grid_lng,status,category,affected_group,note,device_id,confirmations,is_flagged
f7eab1cc-8126-4a2e-b813-91f3be3e29b5,13.1144448,80.1553465,unsafe,unsafe_road,general,"Ambattur Estate Third Main Road / Ambattur Telephone Exchange: Named accident blackspot; report says at least 700 accidents were recorded near Ambattur Telephone Exchange over three years, with potholes and poor lighting. Historical report.",7786893e-9af8-5e65-82b4-20ab9e7add86,1,False
1822b39f-bbce-484b-9e2b-c6b96ea952da,13.1153432,80.1599562,unsafe,poor_lighting,general,"Ambattur Estate High Road, 2nd Avenue junction to Chennai Bypass: About 200 m reported without streetlights; local residents also reported chain-snatching and theft on the stretch. Historical report.",f8c01c7f-298f-5462-b17d-08f3ae066517,1,False
93f8f747-f34c-42ce-b697-aef01347c7af,13.1153432,80.1599562,unsafe,robbery_theft,general,"Ambattur Estate High Road, 2nd Avenue junction to Chennai Bypass: Area-level/road-stretch report: residents complained of a spike in chain-snatching and theft. Historical report.",7a2fe73f-21cd-5c7b-931d-8fe361521ba2,1,False
11c1997f-6625-4723-8d92-25e581e26f59,12.9787999,80.1903803,unsafe,poor_lighting,general,"Nanganallur 5th Main Road: GCC was reported to have found 1,375 non-working streetlight locations; the article specifically identifies Nanganallur 5th Main Road as lacking street lamps, with improvised bulbs. Historical report.",f690ee9d-7080-57b4-a19a-4c34b2808a30,1,False
b8aa41a0-dd37-4f7b-8a4d-21ed9f15026f,12.9707151,80.1977558,unsafe,poor_lighting,general,"Sadhasivam Nagar First Link Street, Madipakkam: Residents reported no streetlights; one resident said a flashlight was needed for about 150 m. Historical report.",89709658-fa0d-5a0e-a1aa-9ed48e125739,1,False
98e26864-f835-40cd-8b1a-51d578537f31,12.9671218,80.2466186,unsafe,poor_lighting,general,"Kallukuttai, Perungudi — Bharani Street: Named as a dark location; local councillor had fixed LED bulbs to TANGEDCO poles instead of dedicated streetlights. Historical report.",847ba6d6-fcbb-5110-857f-84e664979f37,1,False
62f90409-4a62-4697-82c6-28f7c1381678,13.1593604,80.301935,unsafe,unsafe_transport,woman,Thiruvottiyur bus stand / junction: High-mast lamp was reported non-functional; commuters found crossing difficult and the bus stand was described as unsafe for women at night. Historical report.,1b94146c-fc95-55ff-a6b4-1784154ee1c9,1,False
36c8e77d-11f9-4b35-842a-21205b5c24a2,13.1180381,80.2770427,unsafe,unsafe_transport,woman,Korukkupet bus shelter: Named in a 2023 GCC/Safetipin/Prajnya safety audit as one of the city bus stops/shelters found unsafe for women.,212b4c87-d0ce-582f-8d72-4a2ee4285cf9,1,False
fb155aa4-26a3-46a3-aa9f-c67ab35d23f5,13.10636,80.2669013,unsafe,unsafe_transport,woman,Ambedkar College bus shelter (towards Central/Red Hills): Named in a 2023 GCC/Safetipin/Prajnya safety audit as unsafe for women.,fee23e1f-bab8-56e0-93ad-221c2e779b28,1,False
e3032442-b022-4e4b-8a2d-36b2ac2d1bd4,13.0335968,80.2125068,unsafe,unsafe_transport,woman,Ashok Pillar bus shelter: Named in a 2023 GCC/Safetipin/Prajnya safety audit as unsafe for women.,b89727d4-8abb-50c2-b898-526480be7cc9,1,False
50d400f0-b959-48ff-b79b-93ac746ca2db,13.1692418,80.2917937,unsafe,unsafe_transport,woman,IOC Nagar bus shelter: Named in a 2023 GCC/Safetipin/Prajnya safety audit as unsafe for women.,435387ac-3c88-51d5-9756-ca5cc2bc87f4,1,False
bd2ecb0f-bbdf-42a1-ba34-873da6718856,13.1665469,80.2890279,unsafe,unsafe_transport,woman,Muthamizh Nagar bus shelter: Named in a 2023 GCC/Safetipin/Prajnya safety audit as unsafe for women.,bb3c9a1f-2e6c-5759-8efc-c68281ac1105,1,False
0715d254-d07d-40c4-8135-d1473002b9af,13.109055,80.2576819,unsafe,unsafe_transport,woman,Vyasarpadi Market bus shelter: Named in a 2023 GCC/Safetipin/Prajnya safety audit as unsafe for women.,9912740f-9e47-5a1a-b0bd-13077a8f46d9,1,False
10a66be1-b14a-4f1a-ac88-e3acb246e2c8,13.10636,80.225414,unsafe,unsafe_transport,woman,"SIDCO bus shelter, Chennai: Named in a 2023 GCC/Safetipin/Prajnya safety audit as unsafe for women.",7b799b42-bcbd-5a4a-8c96-a0269a296b59,1,False
554d518b-6ed1-4eaa-acf7-950a8ff72b5c,13.0219188,80.2576819,unsafe,unsafe_transport,woman,Vasuki Nagar bus shelter: Named in a 2023 GCC/Safetipin/Prajnya safety audit as unsafe for women.,b2988e5d-6985-50d5-8dce-edb669a66fb4,1,False
1949bd8b-e30f-4be6-a8b3-ee723d207ddf,13.0650377,80.2761207,unsafe,unsafe_transport,woman,"Teacher Training College bus shelter, Chennai: Named in a 2023 GCC/Safetipin/Prajnya safety audit as unsafe for women.",22c74e7b-7a57-5bcb-bb22-81c7cf04947f,1,False
bc69af44-55cd-41d0-b5c3-96ddfa59b209,13.0228171,80.2226482,unsafe,unsafe_transport,woman,Saidapet bus shelter: Named in the 2023 city bus-shelter safety audit; article notes this shelter was maintained by the highways department.,a3fe4d61-984d-5f85-8300-d9fc9c490816,1,False
5bd2594a-c139-4806-b36c-14b2cfd3ae1a,12.9419691,80.2327895,unsafe,stalking,woman,"Pillaiyar Kovil Street, Thoraipakkam: 2026 police report of repeated stalking/harassment reported by a woman on this street; CCTV was used in the investigation. Location-only seed; no personal identifiers included.",b7a423bd-6657-593c-8ec9-fa04cdb1f820,1,False
a4cbe2b7-8da0-4d5b-a576-70dafa25f2c1,13.0075458,80.2383212,unsafe,unsafe_road,general,"Sardar Patel Road, Guindy-Adyar corridor: 2025 report says road-extension work nearly halved footpath width, forcing pedestrians onto the carriageway. Area/stretch seed.",db8194b8-96b6-5931-9fb4-a8649a52e3b8,1,False
66566f8c-17a0-493d-9b28-33aacdcbf2fa,13.0120374,80.2438528,unsafe,unsafe_road,general,"Gandhi Mandapam Road, Chennai: 2025 report says footpaths were reduced to nearly half their original width and some were too narrow, pushing pedestrians onto the road.",5e094521-1c54-5dad-859c-441f53bda3a7,1,False
95dd09fb-3f75-4375-b193-103a362330d2,13.1072584,80.2337115,unsafe,unsafe_road,general,"Medavakkam Tank Road, Ayanavaram: 2025 report says an unfinished footpath stretch forced pedestrians onto the busy carriageway; rain also made the incomplete section unusable.",44c40845-d511-5b76-a6f9-d2fc1cb215e6,1,False
406f88bc-255b-4302-a91d-255205b1b72d,13.0758175,80.2106629,unsafe,unsafe_road,general,"Poonamallee High Road, Arumbakkam: 2025 report: broken and encroached footpaths force pedestrians onto the road; named stretch in Arumbakkam, Chennai.",65ee5627-5280-5172-8bfc-d9156aaeaa9c,1,False
45f02bfd-7736-417d-bc6b-0fb6fdb3bdda,13.0982752,80.2678232,unsafe,unsafe_road,general,"Basin Bridge Road, Chennai: 2025 report: damaged/encroached pavement forces pedestrians onto the carriageway; GCC Zone 5 area.",56826b1a-929a-5aac-85d2-423d3a4b2534,1,False
b4db1122-793d-4ecb-aab3-c7178d356754,13.1117499,80.2475406,unsafe,unsafe_road,general,"Perambur High Road, Stephenson Road to Perambur railway station: 2025 report: broken/inaccessible footpaths, missing drain covers and encroachments make pedestrian movement hazardous.",9a5faf92-f07a-55cd-abc7-15a4591b9bef,1,False
eed00e87-5d0d-4377-939c-441b56d9a70a,13.1108516,80.2456967,unsafe,unsafe_transport,woman,Jamalia pedestrian subway near Perambur railway station: 2025 report: subway intended as a safe pedestrian passage is frequently waterlogged and poorly maintained; location is near Perambur railway station.,ee09b41c-9393-5b88-b655-8cb1091be773,1,False
78e904c9-0059-46a3-a2a2-ccf44f0635c6,13.0874955,80.2521503,unsafe,unsafe_road,general,"Valliammal Road, Purasawalkam: 2025 report calls the road accident-prone due to severe damage and potholes; minor injuries were reported.",828ce63f-0116-525b-b66f-80bba7f3161e,1,False
0dc8b498-36a9-465b-a1d3-00fe57790b29,13.1225296,80.2807304,unsafe,unsafe_road,general,Korukkupet railway crossing: 2024 report explicitly describes the crossing as accident-prone and documents dangerous congestion when railway gates close.,8f6bd28c-1e6b-571a-955f-99100adff502,1,False
c01994eb-65e3-4e65-9ea9-1eeeca8dc836,13.0389867,80.2235701,unsafe,poor_lighting,general,"Ellaiamman Koil Street, West Mambalam: 2025 report specifically names Ellaiamman Koil Street; construction, congestion and lack of working streetlights created night safety concerns.",d33c75f8-2a6f-573e-88bb-f536b7c6db5c,1,False
20fd3f89-226c-41be-b352-461b9c82d292,12.9617319,80.2438528,unsafe,unsafe_road,general,"MGR Salai, Kandhanchavadi, Perungudi: 2026 report: cracked/dislodged pavement forces pedestrians onto the busy arterial road.",77a263e7-22c8-58b8-b9b6-565edb2c171d,1,False
7ce73be7-703c-4e88-9745-2fa84e006d2d,13.0848006,80.2669013,unsafe,unsafe_road,general,"Choolai High Road, Ramalinga Vilas Hotel to Choolai High Road Roundabout: 2026 report identifies this exact stretch; parked vehicles occupy footpaths and pedestrians are forced onto the carriageway.",d1d983d7-0e04-547a-aaa6-422d9ea60acc,1,False
c8108ad2-90fe-4d22-b548-bc8af142923c,13.0515631,80.2152726,unsafe,unsafe_road,general,"Viswanathapuram Main Road, Kodambakkam: 2026 report identifies footpath encroachment and parking at the Rangarajapuram Main Road/Viswanathapuram Main Road junction.",2c015e5b-cacb-56e1-b999-b0582dce31db,1,False
29a46cca-bd83-443f-b48d-8b64346c386e,13.0533597,80.2152726,unsafe,unsafe_road,general,Rangarajapuram Main Road / Viswanathapuram Main Road junction: 2026 report specifically names the junction as a pedestrian safety problem due to occupied footpaths.,ae9e14a4-c351-5dc0-a4b4-42b46443c154,1,False
4848723e-9ced-4689-bd15-be4292e2828e,13.0344951,80.2152726,unsafe,unsafe_road,general,"Second Avenue, Ashok Nagar: 2026 report names Second Avenue; shop displays, merchandise and vehicle parking occupy walkways.",72f9d53d-8ac9-532a-91b9-559290c41715,1,False
6ed781bb-80b0-4c05-bce6-0c07f7280d9e,13.109055,80.2503064,unsafe,unsafe_road,general,"Kumarasamy Street, Perambur: 2026 report: cars regularly park on the pavement, disrupting walking space and pushing pedestrians onto the road.",0d6f419c-4fca-5acc-aa96-5f92e52150ff,1,False
a5ea721c-3924-4742-af96-158bd0ee0281,13.1099533,80.2456967,unsafe,unsafe_road,general,"Perambur High Road North, Saraswati Nagar opposite Perambur railway station: 2025 report specifically names this location; a wall and shop activity blocked the pavement.",db57a510-beab-5bf9-a500-931e5c814c22,1,False
e0eb6348-2cc4-4dac-8afc-4f822f2c989f,13.0982752,80.2678232,unsafe,unsafe_road,general,"Basin Bridge Road, GCC Zone 5: 2025 report specifically identifies the Basin Bridge Road stretch beside the GCC Zone 5 office.",32ff2c59-e08e-5303-af76-90fa821bd9ae,1,False
f67086ab-9f11-4d52-82b0-4cfd0889a003,13.1072584,80.2337115,unsafe,unsafe_road,general,"Medavakkam Tank Road, Konnur High Road to Ayanavaram Road: 2025 report specifies a several-hundred-metre unfinished pavement stretch connecting Konnur High Road and Ayanavaram Road.",0a0bc65f-980a-56d6-a14c-8571c3bb5a40,1,False
ff3b3c09-ba8e-4517-8f36-4617a7328848,13.065936,80.2825743,unsafe,physical_harassment,woman,High Court Metro Railway Station: 2024 police-report-based article names the station premises in a sexual-harassment case.,78791c69-e744-5480-8490-add3a2a45fa0,1,False
4927dd00-84de-426c-8801-91b4a0bbeb4e,12.9671218,80.2466186,unsafe,poor_lighting,general,"Bharani Street, Kallukuttai, Perungudi: 2023 report names Bharani Street as a dark location.",262fb1e5-b59f-5116-aff8-4c74e640f4c0,1,False
901f1943-c193-4708-b5af-527f3cb0ffa9,13.0722242,80.241087,unsafe,poor_lighting,general,Path between Dr Guruswamy Bridge and Chetpet Eco Park / Chetpet railway station: 2026 report: roughly 150 m pedestrian path to Chetpet railway station has insufficient street lighting; pedestrians avoid it at night for safety.,052b0c7f-9c81-56fe-bba4-b096823c971b,1,False
e0759156-10fc-4485-9909-9ae05bfbe0f6,13.0524614,80.2595258,unsafe,unsafe_road,general,"Srinivasa Perumal Sannathi 2nd Street, Gopalapuram Police Quarters, Royapettah: 2026 report: seized vehicles occupied the footpath for more than two months, forcing schoolchildren, women and residents onto the carriageway.",6626f6e6-ee8b-5527-a620-9f15ecb9c4dd,1,False
ce07f548-9c3f-4ef7-90c0-9256a69efdde,13.0416816,80.2346334,unsafe,unsafe_road,general,"Sir Thyagaraya Road near Pondy Bazaar, T Nagar: 2026 report: damaged manhole/concrete patch with protruding iron rods creates a major hazard for motorists and pedestrians; similar damaged patches occur toward Dr B Narasimhan Road junction.",6836c09c-03ec-5e69-9f85-3e218923d0e7,1,False
64666b98-ed1f-4229-a518-91a039585e8f,13.0874955,80.2881059,unsafe,unsafe_road,general,"RBI Subway near Parry's: 2025 report: potholes, water stagnation, seepage and uneven resurfacing made the subway accident-prone.",dcdb7962-646f-53da-bf79-5a543769bd06,1,False
f75c93ac-4ff7-4326-817a-73c40bfff664,13.0219188,80.2235701,unsafe,unsafe_road,general,"CP Pavalavannan Subway, Saidapet: 2026 High Court report: persistent water seepage was alleged to have caused frequent vehicular accidents and posed a serious public-safety threat.",f4fae983-bb3c-537e-81a2-3bba3862b639,1,False
d304745b-f54b-47dd-9dd4-7e253a1bce94,13.068631,80.1968338,unsafe,unsafe_road,general,"Koyambedu Market East Road, CMDA office to omnibus terminus: 2025 report: named stretch described as accident-prone; overflowing sewage and uneven road conditions affected commuters and heavy commercial traffic.",e26a1753-84d8-5246-a6a2-497071f98213,1,False
eee82c13-bdf2-4dbf-ad75-6276f1f105c6,13.0344951,80.2669013,unsafe,unsafe_road,general,"Veera Perumal Koil Street, Mylapore: 2025 report: road remained unrelaid after stormwater-drain works, creating difficulty for motorists, patients and ambulances; nearby schools also use the road.",a2edeeb9-9f13-5c39-a9ed-05c99b8ab7dd,1,False
ca50ae62-a6f1-409b-b2db-9f713c3f1f17,13.0353935,80.2641355,unsafe,unsafe_road,general,"Mundagakanni Amman Koil Street, Mylapore: 2025 report names this street among Mylapore roads left in poor condition after stormwater-drain works.",b92f93d9-d61a-5bc7-8757-71a8d4fcca41,1,False
9715d517-a6a1-4719-9139-17024b303372,13.1324111,80.2899498,unsafe,unsafe_road,general,"Ennore High Road, Tondiarpet: 2025 report: monsoon water stagnation made the area accident-prone; two-wheelers had skidded and fallen into the waterbody.",4488fb6c-17c5-549b-9df1-c9379c5c2bd3,1,False
3788082d-1657-42e2-a205-5eb4aba38839,13.1126482,80.2512283,unsafe,unsafe_road,general,"Gurumurthy Garden Street, Perambur: 2024 report: collapsed compound wall at Corporation Girls High School raised safety concerns; vegetation and rainwater stagnation increased risk around the street.",b5a5bb4d-37ba-5af5-a751-88118099356a,1,False
1c3cb67d-0b0c-48c6-8cb3-0d47fffac4e8,13.1656486,80.3047009,unsafe,unsafe_road,general,"Shanmugapuram 2nd Street, Tiruvottiyur: 2025 report: road left milled/unattended for more than a month, making it accident-prone, particularly for schoolchildren and senior citizens.",455d89b0-ac1f-599e-95a7-7d2cad44ff16,1,False
733d9525-8bec-48bc-bda4-d9b15402a22f,13.1656486,80.3047009,unsafe,unsafe_road,general,"Shanmugapuram 3rd Street, Tiruvottiyur: 2025 report names the street among Tiruvottiyur roads left milled and unattended, creating accident risk.",910c3905-cfa3-5428-b5e8-518df36e12e7,1,False
fa5eb0b2-b6d4-467b-aae8-e30acc7d5391,13.1665469,80.3056228,unsafe,unsafe_road,general,"Shanmugapuram 6th Street, Tiruvottiyur: 2025 report names the street among roads left milled/unattended for more than a month.",9ea5c1cf-73c9-570b-a354-cf4c07e791e4,1,False
365528a9-4f31-4ffb-a287-b7010d8664e0,13.1674452,80.3056228,unsafe,unsafe_road,general,"Shanmugapuram 10th Street, Tiruvottiyur: 2025 report names the street among roads left milled/unattended and describes the wider road condition as accident-prone.",1732d17e-39b2-54a1-ab65-8bdf07a45a85,1,False
85a2a296-6b7f-44fb-9359-2a2abe3ea7c3,13.1647503,80.3065447,unsafe,unsafe_road,general,"Jothi Nagar Main Road, Tiruvottiyur: 2025 report specifically names Jothi Nagar Main Road among roads left milled and unattended.",6c39a532-d1a5-5967-8345-572cd10c500a,1,False
e8153df7-59c1-4c61-92c5-74edd9ca9a13,13.1647503,80.3065447,unsafe,unsafe_road,general,"Jothi Nagar Main Cross Street, Tiruvottiyur: 2025 report specifically names Jothi Nagar Main Cross Street among incomplete road-work locations.",cd96251d-9dc3-526e-a883-e3bc47fde9ba,1,False
b057c3bf-cf73-43cd-aebb-6a96757e51f7,13.1683435,80.3093106,unsafe,unsafe_road,general,"VP Nagar 6th Extension, Tiruvottiyur: 2025 report names VP Nagar 6th Extension among roads left milled and unattended.",683d39bf-0d66-547e-8f7c-3b3c9624f7fd,1,False
56486399-3f81-4aa0-a09b-2c74dad07a1c,13.1692418,80.3102325,unsafe,unsafe_road,general,"AD Colony 15th Street, Tiruvottiyur: 2025 report names AD Colony 15th Street among incomplete road-work locations.",9423a931-a6b5-5ad2-8d59-d455c282a334,1,False
e5c62789-aaf3-44fc-8423-15eb3b7bbeb8,13.1692418,80.3111545,unsafe,unsafe_road,general,"Bajanai Koil 2nd Cross Street, Tiruvottiyur: 2025 report names Bajanai Koil 2nd Cross Street among incomplete road-work locations.",569631f3-801c-533b-a122-2c0f4616a1eb,1,False
8e3f798b-d817-48c4-a34a-d6412db38f7f,12.9949695,80.2042094,unsafe,unsafe_road,general,"Brindavan Nagar Main Road, Adambakkam: 2026 report: shops/vendors completely encroached the newly built footpath, forcing pedestrians onto the busy carriageway.",15ebcfcf-a28f-5ab8-b34a-09918c7545e2,1,False
6ba1c198-0701-4315-907c-b157099613df,13.0488681,80.2125068,unsafe,unsafe_road,general,"Arcot Road, Kodambakkam: 2026 report: garbage accumulation turned the footpath into an informal dumping ground, obstructing pedestrians.",c3bb5421-f12f-574d-a429-6046606fee27,1,False
f76d7792-14c6-4d0f-acc1-ac9be9393a9e,13.0731225,80.2420089,unsafe,unsafe_road,general,"Mayor Ramanathan Salai (Spurtank Road), Chetpet: 2026 report: 550-metre pavement was occupied by unremoved concrete slabs and encroachments, forcing pedestrians onto the road.",1e717b12-e7e5-57d6-a994-190da393ebc2,1,False
cc6aa751-d413-4fe7-9f2c-8a8cc7e53eb3,13.0551563,80.2503064,unsafe,unsafe_road,general,Khader Nawaz Khan Road pedestrian plaza: 2026 report: vehicles and commercial loading encroached the pedestrian plaza; adjacent lanes also experienced spillover parking.,cdc4245b-f7d9-59d8-a84a-7ee2729b6617,1,False
31eb46cc-2467-4e18-8e43-b543b1630903,13.0353935,80.2327895,unsafe,unsafe_road,general,"Venkatanarayana Road, T Nagar: 2024 report: cars, two-wheelers, vendors and temple crowds occupied the footpath, forcing pedestrians onto the road.",10d6dd82-9aa6-590d-a47d-9d3a1bd4727e,1,False
1cfa5162-7f2b-460f-be47-2a7c0eabb97c,13.0407833,80.2337115,unsafe,unsafe_road,general,"Usman Road, T Nagar: 2025 report: footpath along Usman Road/Pondy Bazaar area was heavily occupied by commercial activity, leaving little usable walking space.",1f9be283-af6d-50e8-a87e-2781e82e088b,1,False
0377e490-4bdb-4455-8d8f-0a2a8d149592,13.028207,80.1839267,unsafe,unsafe_road,general,"Valluvar Salai, Ramapuram: 2023 report: shops encroach road edges; pedestrians walk on the carriageway because Ramapuram lacks adequate footpaths.",77d1de98-0abf-5f0b-857b-7c5a41b2f908,1,False
4bd9e9fe-604c-41bb-8db3-2314e80fce6b,13.0273087,80.1802389,unsafe,unsafe_road,general,"Bharathi Salai, Ramapuram: 2023 report: parked vehicles consume pedestrian space; untethered cattle also increase pedestrian risk.",6713b599-f1aa-5f6b-88e4-29a4dda33423,1,False
93bc7483-799f-4e9f-bc5f-796a500f791e,13.0300036,80.1848486,unsafe,unsafe_road,general,Ramapuram Main Road: 2023 report identifies Ramapuram Main Road among major local roads without adequate pedestrian footpaths.,eb6f6f2b-3cf2-55fb-b273-a61d49d0f6be,1,False
22b2f27f-57cf-4ae0-bf25-8e05e18e46df,13.1117499,80.2539941,unsafe,unsafe_road,general,"Poleri Amman Koil Street / AA Road railway culvert, Perambur: 2026 report: low-height culvert used by pedestrians and two-wheelers has restricted headroom and hazardous movement.",9054fe1e-1bc3-560a-b65a-a124fb152d27,1,False
ecc06ca4-da39-4a18-bf25-ffc223152646,13.0362918,80.2327895,unsafe,unsafe_transport,woman,"Venkatanarayana Road, Natesan Park bus stop: 2025 report: buses stopped on the opposite lane, forcing commuters to run across the busy road and centre median to board.",8873d9f1-7985-58e1-9f83-42fc37f52067,1,False
0d7f0b14-88f9-4cdf-849c-4ccf630961f9,13.1162415,80.287184,unsafe,stalking,woman,"MC Road, Washermenpet: 2025 police report names MC Road in a stalking/threatening case involving a woman employee. No personal identifiers included.",96d156cc-8d60-533b-bcf7-21195d21f5e2,1,False
62215fb7-e3bd-42e7-af5e-5cca3ea765a5,13.1476824,80.2309456,unsafe,physical_harassment,woman,"Grand Northern Trunk Road (GNT Road), Madhavaram: 2025 police report: a woman delivery worker reported inappropriate touching and threats at a tea shop on GNT Road.",03728b4c-cf1b-5f1d-9b25-7256767d6809,1,False
fcbfc57a-9e6b-47d6-8f82-d33c336dae49,13.039885,80.2493844,unsafe,catcalling,woman,"KB Dasan Road, Teynampet: 2025 police report of verbal harassment of a woman during a parking dispute on KB Dasan Road.",a9cb5fba-4e9d-59b9-ad02-4cf53fe40221,1,False
efcc934d-e437-448c-bbfd-97a5a4777530,13.0506648,80.2115849,unsafe,physical_harassment,woman,"100 Feet Road, Vadapalani: 2025 police report: a woman walking on 100 Feet Road was allegedly approached and harassed by a two-wheeler rider.",8d8018b0-436f-5f58-b377-dbf18a9f459c,1,False
7f932b3b-9818-4ad5-8ec1-71ac909b64cc,13.0677327,80.2770427,unsafe,physical_harassment,woman,Government Estate Metro Railway Station subway: 2025 police report: woman was sexually harassed in the subway near Government Estate Metro Station.,bffb9666-7b28-5b0b-b2cd-1ec50eb8301a,1,False
c4d60ed0-6148-4892-a952-f88f7801e786,13.0587496,80.2576819,unsafe,physical_harassment,woman,Thousand Lights Metro Station: 2025 police report: suspect was apprehended at Thousand Lights Metro Station after a reported sexual assault on a Metro train.,ec042c0c-6901-5726-8afd-d919a01a54ce,1,False
7be2ed0e-0f32-4cd3-9402-d8ea5d517151,13.0318002,80.2429309,unsafe,unsafe_road,general,"Nandanam, Government Arts College vicinity: 2025 report: footpaths near Government Arts College were obstructed by debris, machines, trees and poles; users reported falls and difficulty walking.",60bc5564-6099-5312-bf47-32e85aa95571,1,False
dc47dded-0478-41ec-ac38-fde2566f108e,13.0614445,80.2807304,unsafe,unsafe_road,general,"Chepauk, New State Guest House vicinity: 2025 report: police barricades occupied footpaths near the New State Guest House, forcing students/pedestrians onto the road.",26a39a44-7135-57e5-abcc-66c3eabcc514,1,False
cdf8b182-a899-4e65-ae1c-7c2fcd23444e,12.9787999,80.2189604,unsafe,unsafe_road,general,"Velachery 100 Feet Road: 2025 report: pushcarts and parked vehicles encroached footpaths, making pedestrian movement difficult and dangerous.",9c847da7-f87b-5965-a493-1ad14c3988c2,1,False
3cb246f5-ad37-4a93-b8ce-0a988816b5cb,13.1243263,80.2899498,unsafe,unsafe_road,general,"Thiruvottiyur High Road, Tondiarpet — SWD work stretch: 2026 report: about 500 m affected by storm-water-drain work, with damaged pathways, inadequate barricading and excavation pits forcing pedestrians close to traffic.",a2408397-3e76-57e7-b701-f0ccbda0e154,1,False
84ba9446-229d-49b9-ba2e-69a7de595a92,13.1144448,80.1581123,unsafe,unsafe_road,general,"Murugappa Reddy Street, Vivekanandar Nagar, Ambattur: 2025 report: pothole-ridden interior road near Ambattur Old Terminus; monsoon water can conceal potholes and increase accident risk.",3e043ddb-6c97-51a9-939f-d56218d44f9d,1,False
b5f07177-0b18-4707-9fa1-a95de0273b93,13.1135465,80.1571904,unsafe,unsafe_road,general,"First Cross Street, Vivekanandar Nagar, Ambattur: 2025 report names this interior street among the worst-affected pothole-ridden roads near Ambattur Old Terminus.",30bb8c5b-24e7-5343-b97a-866294fe0a68,1,False
9ee6b6ab-4718-40b8-b64c-a63af10a4098,13.1126482,80.1581123,unsafe,unsafe_road,general,"Kanniah Chetty Street, Vivekanandar Nagar, Ambattur: 2025 report names this street among the worst-affected pothole-ridden roads near Ambattur Old Terminus.",59c4f33e-2bcd-5501-adb6-e000f346a102,1,False
8abcf8f6-7c22-42b3-98cf-d91ba2eb7cfe,13.1126482,80.1590343,unsafe,unsafe_road,general,"Balaji Street, Vivekanandar Nagar, Ambattur: 2025 report names this street among the worst-affected pothole-ridden roads near Ambattur Old Terminus.",893ef03e-30e2-52f1-b8eb-0720d9dc39b7,1,False
8684a29e-1b31-404b-95f1-4fabdab80987,13.1108516,80.1608782,unsafe,unsafe_road,general,"Thiruvengada Nagar, Ambattur: 2025 report says this road had not been repaved for nearly a decade and was associated with accident risk.",847961b1-b8e0-5abd-8a0c-2f49da30c50b,1,False
2e9cfff8-dbc0-433e-8f87-96745a7746d1,13.109055,80.1618001,unsafe,unsafe_road,general,"West Main Road, Ambattur: 2025 report says this road had not been repaved for nearly a decade; worn condition creates safety problems.",b7252b31-ced9-5124-8707-d213c1587445,1,False
c74ba14c-80ba-4875-b3d0-ba7bc49922a2,13.0057492,80.255838,unsafe,unsafe_road,general,"Adyar Bridge Road: 2025 report: milled but unpaved sections, potholes, stagnant rainwater and construction debris created hazards, especially for two-wheelers.",8a478a22-86ad-5d2f-88b4-e0727f3a5bed,1,False
a7a317e6-9631-4df7-bbb2-b4679470fae9,13.1135465,80.287184,unsafe,unsafe_road,general,"Monegar Choultry Road (MC Road), cemetery junction to BSNL junction: 2025 report: 1 km pedestrian-plaza project remained incomplete, with open drains, dug-up stretches and two-wheelers encroaching walking space.",385fd431-957e-5bc4-86c9-7f43eaf79667,1,False
6d5decd8-ab19-4946-ae57-0917b7c22184,13.0722242,80.2051313,unsafe,unsafe_road,general,"Arumbakkam 100 Feet Road, near SAF Games Village: 2025 report: motorists routinely make an illegal turn near SAF Games Village, clogging lanes and endangering pedestrians.",0e68b6de-fe07-5cbe-b83b-678f6ff7eef5,1,False
e8c8c8d2-3e35-4945-b853-b2a222c0fc53,13.0704276,80.1645659,unsafe,unsafe_road,general,Nolambur-Poonamallee High Road Junction: 2025 report: illegal right turns at the junction create congestion and safety risks for pedestrians and commuters.,5dd86d94-1ea9-5e14-931d-a1892e0a7119,1,False
f1d13f04-6568-4f5f-bbe0-6d718921a789,13.0982752,80.2669013,unsafe,unsafe_road,general,"Basin Bridge four-way junction, GNT Road: 2025 report: wrong-side turns and displaced barricades cause traffic from four directions to pile up, particularly after 9 pm.",af86811b-62a4-550e-9f5e-8a82543aac4f,1,False
6c620546-4112-4091-a990-a57d834199ee,12.9805965,80.2198823,unsafe,physical_harassment,woman,"Velachery road, Chennai: 2026 police-report-based article documents alleged sexual harassment of a woman walking on a road in Velachery. Source does not provide a more precise street name; road-level seed only.",9fcc5790-1ca8-5e40-94d0-474ba91a8935,1,False
d1f9417b-881b-417a-936e-e18dd30172fb,13.1225296,80.2881059,unsafe,unsafe_transport,woman,"Maharani Theatre bus stop, Tiruvottiyur High Road, Old Washermenpet: 2026 report: two-wheelers and autos parked directly in front of the bus stop, forcing buses to stop away from the designated stop and making boarding/alighting unsafe.",bc19ac0b-23f8-539f-b87e-8cf05d4f70b6,1,False
6d6dd378-187f-44d6-acc4-8cc5a6c22f72,13.0758175,80.2595258,unsafe,unsafe_road,general,Gengu Reddy Road subway: 2026 report: GCC subway renovation remained stalled; source says long-pending subway works affected daily commuting and pedestrian safety.,1caf64d8-06dc-5341-9b2f-f61e0b0a54f1,1,False
e7386fea-e681-404c-84a9-705aa12d96b9,13.0614445,80.2438528,unsafe,unsafe_road,general,"Nungambakkam subway: 2026 report: Nungambakkam subway was among GCC subways whose planned renovation had seen little progress, with reported effects on commuting and pedestrian safety.",2e0371b2-43c9-5073-98e3-f120d13bc5c5,1,False
db4b3a8f-2956-4b6c-af2c-1253c8c8ca5e,13.0731225,80.240165,unsafe,unsafe_road,general,Harrington Road subway: 2026 report: Harrington Road subway was among the identified long-pending renovation locations affecting daily commuting and pedestrian safety.,e5703ac0-c3a2-5d12-8be4-ce6ae5ac4c1b,1,False
5f830b46-d0fd-46ca-9d89-9a9528a4dc58,13.1081567,80.1839267,unsafe,unsafe_road,general,Korattur subway: 2026 report: Korattur subway was among planned GCC renovation locations with little progress; included in the report's pedestrian-safety concerns.,1a641e9d-5176-58a0-a95b-07165cc6aad3,1,False
3ec8e6d0-d219-4de8-9c5f-ddba4526b10f,13.1072584,80.2051313,unsafe,unsafe_road,general,"Villivakkam subway: 2026 report: Villivakkam subway was among planned GCC renovation locations with little progress, affecting daily commuting and pedestrian safety.",3da3edba-c7b4-5bb3-81ea-55e71e9b2b5d,1,False
5b09c857-2db9-471f-8576-74758c27899d,13.1072584,80.255838,unsafe,physical_harassment,woman,"Vyasarpadi bus stop, MTC route 38-A: 2026 police report: a passenger allegedly sexually harassed a college student after boarding at Vyasarpadi bus stop; passengers intervened. Location is a documented incident point, not a claim that the s",180d5826-130d-5f9c-86ff-d587a4fb8d1b,1,False
38ee49c9-38ec-4060-b37c-816e406a2efd,13.0560546,80.2429309,unsafe,physical_harassment,woman,"Nungambakkam — walking route to work, location reported in July 2026 case: 2026 police report: a woman walking to work in Nungambakkam was allegedly sexually harassed by a two-wheeler rider. Source does not identify a more precise street, s",d874b520-ce21-56d0-8ad2-2272bdccd7ef,1,False
375eaaa4-ad3c-48cc-85e2-285cc8f6bc6c,13.0228171,80.2235701,unsafe,stalking,woman,Saidapet college exit area: 2026 police report: a college student was allegedly followed and harassed after leaving college in Saidapet and was assaulted when she refused to speak to the accused. Area-level incident seed; no personal identi,e38b1102-891b-51c5-94e2-16aecc13a5d4,1,False
31d7725a-3746-433f-9c60-2221719a04f1,13.0362918,80.2438528,unsafe,unsafe_road,general,"Anna Salai, Teynampet–Saidapet flyover diversion stretch: 2026 report: construction diversions on Theagaraya Road/Teynampet-side corridor and Cenotaph Road left uneven surfaces and craters that were difficult for motorists, especially two-w",921eb854-ab5a-5c4a-aded-e203232fcd39,1,False
9efc8b5e-3563-40e0-bade-15ffe8276f83,13.0407833,80.2512283,unsafe,unsafe_road,general,"Cenotaph Road, Teynampet: 2026 report: flyover-related traffic diversions were associated with uneven roads and craters on Cenotaph Road, creating difficulty for motorists.",86748355-84d0-5f01-ac99-181091719729,1,False
c5e10203-3554-47fc-a1ca-984c20912748,13.0524614,80.2429309,unsafe,unsafe_road,general,"Valluvar Kottam High Road, Valluvar Kottam: 2026 report: eateries, vegetable vendors, water tankers and parked two-wheelers occupy the footpath, squeezing pedestrians onto Valluvar Kottam High Road.",bd0da6ff-dcec-544f-bfcb-6327d671ec0e,1,False
63d8064a-a709-4792-aea6-c6bbb69b3c0f,13.0722242,80.241087,unsafe,unsafe_road,general,"Guruswamy Bridge footpath, Chetpet: 2026 report: paver tiles along the Guruswamy Bridge footpath were broken and pedestrians reportedly slipped; source specifically identifies the location.",5ab82fd2-bc63-51d6-a540-eee573d4cc1c,1,False
a0e3abcb-6dde-429d-9adf-8c6835649cb0,12.9958678,80.2456967,unsafe,unsafe_road,general,"Madhya Kailash Junction, Taramani: 2026 report: repeated road cave-ins at Madhya Kailash junction; six instances were listed from 2015–2024 and another cave-in occurred near the Institute of Chemical Technology.",965e894c-9100-56bb-b113-e79ba8f22544,1,False
efacb80a-21e8-4ff0-95b7-5eab311f20a8,12.9949695,80.2447747,unsafe,unsafe_road,general,Rajiv Gandhi IT Expressway near Institute of Chemical Technology / Taramani U-shaped bridge: 2026 report: a road cave-in occurred beside the start of the U-shaped bridge because of a burst sewage pipeline; recurring subsidence has raised sa,a9aa0216-714c-57d4-9a60-ec150b689172,1,False
a4cf5624-a46c-49f6-a145-a46095ee0cd0,13.1081567,80.2493844,unsafe,unsafe_road,general,"Perambur High Road, Jamalia Higher Secondary School to Cooks Road junction: 2026 report: broken, uneven and encroached footpaths along both sides of this named stretch force pedestrians onto the carriageway.",a4ee7d97-5c25-5549-addf-d65179a07925,1,False
f0cc1575-cff4-4d63-88b8-35716575f788,13.10636,80.2318676,unsafe,physical_harassment,woman,"Semmbiam area, MTC bus route 242 toward Shenoy Nagar: 2026 police-report-based article: woman was allegedly harassed and threatened on MTC route 242 in the Semmbiam area. Incident-level seed; not a claim that the whole route is unsafe.",c24eeb49-dd40-5af3-a8e1-7c598ab155f2,1,False
505a9fe9-269f-4999-90cc-de21dbf94272,13.0506648,80.209741,unsafe,catcalling,woman,"Avichi School bus stop, Vadapalani: 2025 report: a group boarded Route 26 near Avichi School bus stop and verbally abused female passengers with derogatory remarks.",acc2f8b9-96f4-57f0-9e98-7829f3085f42,1,False
2047d10c-5e06-4fa2-925c-b1796e39059c,13.0344951,80.2023655,unsafe,physical_harassment,woman,"KK Nagar, MTC bus route 70V: 2026 police-report-based article: nursing student reported alleged sexual harassment and death threats on an MTC route in KK Nagar.",fe122d53-f84f-50eb-8ed4-b6e599545281,1,False
98059616-1826-4697-b907-d2c449679081,13.1225296,80.2881059,unsafe,unsafe_transport,woman,"Maharani Theatre bus stop, Tiruvottiyur High Road: 2026 report: parked vehicles block the designated bus stop, forcing buses to stop away from the stop and passengers to board/alight in traffic.",6a9984e5-7c1c-5bf6-b05a-5bcff7812515,1,False
79f2c66a-2b49-40d9-97df-d6064a1871df,13.0443766,80.2493844,unsafe,unsafe_road,general,"Ellaiamman Colony, Teynampet: 2026 Madras High Court case specifically identifies road/footpath encroachments at Ellaiamman Colony and ordered GCC/CMDA/police action. Area/street-level seed; source does not identify a single numbered street",ec0c60aa-5603-5676-96a9-9960f53cf36e,1,False
cd6ada78-a11d-457b-b745-5fc614c8d1dc,13.0309019,80.255838,unsafe,unsafe_road,general,"CIT Colony interior streets, Mylapore: 2026 report: pavements that had not been properly repaired for about 15 years were broken/uneven and encroached by debris and parked vehicles.",36b8b33d-eec3-51f4-8fce-19b9f9a388ae,1,False
851ed000-ec40-42b4-9306-6bf01f4fe8b8,13.1647503,80.2106629,unsafe,unsafe_road,general,"Kamarajar Salai, Manjambakkam: 2026 report: multiple storm-water-drain manholes remained open for more than four months along a busy road carrying heavy vehicles.",8b05dcbb-3fad-5f65-adf4-e93e78797a14,1,False
7b2b9806-c005-44ec-b3db-0a59452be7c3,12.9617319,80.2447747,unsafe,unsafe_road,general,"OMR service road near World Trade Centre Chennai, Perungudi: 2026 report: uncovered storm-water-drain manhole and sewage overflow created a major hazard for motorists and pedestrians using the service road.",b4b8a5e8-a466-57d4-8025-337519c5bc90,1,False
23a08dc1-3673-496f-a299-7a6309cf062b,13.0326985,80.2198823,unsafe,unsafe_road,general,"Lake View Road, West Mambalam: 2026 report: slow storm-water-drain construction with inadequate safety measures created hazards for motorists and two-wheeler riders.",43819f65-d4fe-567f-9043-02c0ecdc4538,1,False
61eea278-3ed2-445f-affa-e03feae9e443,13.0614445,80.2051313,unsafe,unsafe_road,general,"100 Feet Jawaharlal Nehru Road, Koyambedu–Ashok Nagar: 2026 report: damaged paving blocks, uneven surfaces, potholes and construction debris made footpaths unusable on multiple stretches.",49acc7ba-bb34-5706-abbd-b2402bb03c47,1,False
c8865e5c-7fc9-4642-a01e-12ee3cef3703,13.0623428,80.224492,unsafe,unsafe_road,general,"West Namasivaya Bridge, Choolaimedu: 2026 report: garbage dumping, illegal parking and poor maintenance obstruct the pedestrian walkway, forcing people toward the carriageway.",9463e93d-4a00-5c92-b3b0-0372ca198b46,1,False
57a16bb0-421a-445f-b6b3-51b985e29ff9,13.120733,80.2180385,unsafe,unsafe_road,general,"Poompuhar Nagar 1st Main Road, Kolathur: 2026 report: approximately 600 m of the road has heavily encroached footpaths, leaving little walking space.",2f1b232b-9b6b-596e-ac03-0198939aacb1,1,False
d2bea0cb-2e12-496d-9591-5295b22b71a5,13.0722242,80.2632135,unsafe,unsafe_road,general,"Pantheon Road near Amma Unavagam: 2025 report: damaged Corporation dustbins and illegal parking block the footpath, forcing pedestrians onto the road.",73f16698-d95f-5b39-9afe-d8cebc793593,1,False
4b646e0f-25b4-4de1-a4ad-add506d0f1c8,13.1027668,80.1553465,unsafe,unsafe_road,general,"Ambattur-Vanagaram Road near Athipet: 2026 report: battered stretch near Athipet has potholes, damaged manholes and uneven surfaces; pedestrians and schoolchildren face hazardous conditions.",2f6fb007-b54b-5818-8e11-8be37fc6b541,1,False
4f71f1fd-9ddf-48e8-8f13-769b05de2e60,13.1881064,80.2696671,unsafe,unsafe_road,general,Manali New Town Phase 1: 2026 report: container-trailer lorries reportedly move through residential streets at unsafe speeds; three accidents were reported in one month.,8e567a6c-3901-57e2-8cea-36f0f91e63dd,1,False
11ba417a-10da-4335-bc35-8215327a5d95,13.189903,80.2742768,unsafe,unsafe_road,general,"Manali New Town Phase 2: 2026 report: heavy container traffic through residential areas was reported as a public-safety risk, particularly for students.",48c8bb2c-a412-5923-bf2e-a3583aa0197d,1,False
d9c7bfef-5968-4307-b63a-5f366e17f04b,13.1863097,80.2761207,unsafe,unsafe_road,general,"Dwaraka Nagar, Manali New Town: 2026 report: container-trailer movement and informal truck parking were reported as safety hazards in this residential stretch.",f93c239c-035d-59e1-b275-65603d121cc8,1,False
122d4e30-cb8f-4718-ba24-e22d64ed04d0,13.161157,80.2604477,unsafe,unsafe_road,general,"Kadumbadi Amman Koil Street, Selaivayal, Kodungaiyur: 2026 report: narrow road affected by delayed storm-water-drain works; GCC and traffic police converted the road to one-way to reduce congestion and accident risk.",d180682b-9c26-520d-9358-525658438fb7,1,False
cd7b7413-8acf-4766-a783-6e5af66e4e0e,13.109055,80.255838,unsafe,unsafe_road,general,"AA Road, Vyasarpadi commercial stretch: 2026 report: vehicles continue to mount the pavement outside commercial stretches, obstructing pedestrian space.",a018d418-cee1-5b33-8c6a-c09019335e69,1,False
280c6a75-7aa1-42be-9413-886fc287b26d,13.109055,80.2521503,unsafe,unsafe_road,general,"Dr Ambedkar College Road, Jamalia Nagar: 2026 report: broken and removed pavement blocks have left the walkway difficult to use.",7acf9a92-974d-573f-b552-7b3c37e84b95,1,False
3ebf0214-e1da-43f7-9768-d98dda1b716a,13.0596479,80.2521503,unsafe,unsafe_road,general,"Greams Road near Shafee Muhammad Road junction: 2026 report: garbage and sludge spread onto the pavement along a busy pedestrian stretch near the junction, obstructing walking space.",24154c8a-7840-570c-9dab-63e110a2937e,1,False
16f1702e-68e4-418f-84fe-c4c95987e9d8,13.1548688,80.1968338,unsafe,unsafe_road,general,Redhills-Tiruvallur Highway opposite Bethal Church: 2026 report: approximately 1 km section was described as accident-prone; multiple damaged points and recent crashes were reported.,32446db2-cfcf-50d6-bcac-5bd3ffb297e7,1,False
68252848-e318-45d8-8974-773a70cbdfc9,13.161157,80.2613697,unsafe,unsafe_road,general,"Selaivayal, Kodungaiyur SWD-work stretch: 2026 report: delayed storm-water-drain work caused traffic chaos and prompted traffic restrictions to reduce accident risk.",daa42a2d-fe9c-5afb-9b84-d4f03c8777a4,1,False
860952f3-f89d-4b38-be02-6d1bcbc2aed3,13.0344951,80.2023655,unsafe,poor_lighting,general,"Anna Main Road, KK Nagar: 2026 report: non-functional streetlights and unmarked speed breakers on a busy road were reported as increasing accident risk, particularly at night.",67e90014-06aa-51dd-a64c-5a02a2e1a551,1,False
91ff50d4-b56b-40bc-93df-afd7952ddaa4,12.9868847,80.2493844,unsafe,poor_lighting,general,"Tidel Park U-turn flyover, Tiruvanmiyur: 2026 report: non-functional streetlights left the U-turn flyover in darkness at night; sharp turns and poor visibility increased accident risk.",42cb6de5-54fe-5eeb-93d6-07aac103a130,1,False
40bccc47-7853-4bbf-ba5d-fdb17f3a16ca,12.9311894,80.2300237,unsafe,unsafe_road,general,"Eswaran Koil Street / Kannagi Nagar Main Road, Thoraipakkam: 2026 report: road cracked within a month after relaying and became accident-prone amid heavy-vehicle traffic and unfinished storm-water-drain work.",55ec205e-8ba6-5f64-b07e-ffe3465edc18,1,False
9f4b8f0d-7ffd-4ece-8794-ebe761aa87d2,13.1117499,80.1848486,unsafe,unsafe_road,general,"Palla Street, Agraharam, Korattur: 2026 report: approximately 1 km stretch had potholes, uneven surface and sunken silt catch pits; a resident reported a fall and fracture.",8d63f9cf-dc30-5e84-80e2-afac47c41580,1,False
05546f9e-09f2-4a42-8959-8d8edc3487af,13.146784,80.2318676,unsafe,unsafe_road,general,"Thattankulam Road, Madhavaram: 2026 report: road remained pothole-ridden for months, with loose gravel and inadequate street lighting increasing accident risk, especially for two-wheelers.",90c57c75-00f9-5011-9f21-401cecd59244,1,False
066cbe36-a2b1-4527-a935-3d3934e15281,13.0776141,80.2208043,unsafe,unsafe_road,general,Poonamallee High Road near Shenoy Nagar traffic signal: 2025 report: sunken manhole in the middle of the busy arterial road created a serious hazard; sewage splashing and sudden braking were also reported.,6fd61839-dfe5-592b-83d2-7da22fa5d66f,1,False
6c3795f9-00ad-4b6c-bed8-e82f8aad4110,13.0713259,80.240165,unsafe,unsafe_road,general,"Ormes Road, Kilpauk: 2026 report: routine wrong-side driving forces oncoming vehicles to brake/swerve; schoolchildren and pedestrians are present on the stretch.",bf3e7f18-c55e-5667-a883-82e1e96a5580,1,False
5492c512-e5a3-4ed6-b350-6ab1fac42054,13.1000719,80.2208043,unsafe,unsafe_road,general,"Constable Road, Ayanavaram–Villivakkam: 2026 report: damaged three-kilometre stretch, concealed potholes and skidding/wobbling were associated with accidents, especially at night.",043c0894-78fc-52cb-aa75-9d3db218a89b,1,False
3bd78fcd-737a-4d0f-a753-7467c3d08f78,13.0201222,80.1986777,unsafe,unsafe_road,general,"100 Feet Road near Kalaimagal Nagar bus stop, Ekkattuthangal: 2026 report: poorly restored pipeline trench left loose gravel and dust on the road; a two-wheeler rider reportedly skidded and fell.",bdea202c-7a90-5d5d-9139-6a46739a63a3,1,False
3d8dfb2c-3493-4bd2-b590-8d3a4c70129e,13.0785124,80.225414,unsafe,stray_animal,general,"Ayyavoo Second Lane, Shenoy Nagar: 2025 report: cattle tied/roaming at the entrance to a dead-end lane obstructed pedestrians and traffic; residents reported road mess and night-time obstruction.",f7afaf6a-ebcc-5e9f-b50f-84905b4c7a50,1,False
7a0d1ed5-c792-47a2-a1dc-6458af9d08f6,13.0578512,80.2235701,unsafe,unsafe_road,general,"Thiruvengadapuram Main Road, Choolaimedu: 2026 report: road was relaid without milling the old surface, leaving an unnaturally elevated and uneven stretch that was already crumbling.",8095e1fb-102e-5d76-9b84-68f729249a03,1,False
cdeb34f5-58f3-4394-b49e-281ce2c2d9d4,13.0587496,80.2226482,unsafe,unsafe_road,general,"Ameerjan Street, Choolaimedu: 2026 report: road was among four Choolaimedu roads rapidly relaid without milling, leaving uneven levels and crumbling surfaces.",a26f2b53-56b5-5e4c-9ebc-99e01c0683ce,1,False
4ee9111e-ea74-44b2-8e15-a8eb5625dc60,13.0587496,80.2217262,unsafe,unsafe_road,general,"Abdullah Street, Choolaimedu: 2026 report: road was among the Choolaimedu stretches relaid without milling, creating uneven road levels and safety concerns.",4f8f2a51-a339-500c-a5d8-032e16ba6f16,1,False
72fc50ba-ee92-4f94-9537-01247077919f,13.0596479,80.2208043,unsafe,unsafe_road,general,"Khan Street, Choolaimedu: 2026 report: rapid relaying without milling left the surface elevated/uneven and beginning to crumble.",c1358d70-6b1b-5ebf-bb2e-eaa0d649b1e6,1,False
a4f2eb18-a5ce-4504-a3c0-d8f71422b738,13.0731225,80.2604477,unsafe,poor_lighting,general,"Halls Road, Egmore: 2025 report: uneven drains and inadequate streetlights leave portions of Halls Road poorly illuminated and difficult to navigate, especially in rain.",44757cdb-b4ef-523a-bff5-5cacf089f7fc,1,False
4dc6424a-c134-4e91-b4ee-ab5ae647620a,13.0722242,80.2051313,unsafe,unsafe_transport,woman,"Razzak Garden Main Road, MMDA Colony, Arumbakkam: 2026 report: MMDA Petrol Bunk bus shelter had a missing roof and unusably high seats, leaving commuters exposed and raising safety concerns.",eb72dae2-53bd-5b0c-8b35-c0fae1315464,1,False
731e36e8-f65e-4777-b409-44ebc21fdc38,13.0722242,80.2042094,unsafe,unsafe_road,general,"MMDA Colony Main Road / Vinayakapuram Main Road junction, Arumbakkam: 2026 report: banners were tied to view cutters and footpaths at the junction and around the MMDA bus stop, obstructing pedestrian space and visibility.",0ec3a785-3dc1-5a9a-9657-767e45ca533e,1,False
78face24-91c5-4782-bf46-ae6ed71b47a5,13.109055,80.2484625,unsafe,unsafe_road,general,Perambur High Road near Perambur Railway Station: 2026 report: Metro construction narrowed the carriageway and barricades restricted vehicle movement; congestion affected the bus-stop/railway-station area.,7b280c88-8c1d-5e63-80a2-cb97a24bdaab,1,False
851d5bdc-fce6-4afe-a232-a4af20d8c92b,13.109055,80.2475406,unsafe,unsafe_road,general,"Perambur Railway Station approach footpath: 2026 report: shop extensions, advertisement boards and displayed goods blocked the footpaths between the railway station and a busy bus stop.",f1c549c5-c6a2-55b7-b6b8-e364a018e253,1,False
8ec4b462-04f9-45d8-bc0b-ee4218c1f97f,13.080309,80.2392431,unsafe,unsafe_road,general,"Kilpauk Garden Road: 2026 report specifically cites stretches near hospitals and schools including Kilpauk Garden Road among roads affected by potholes, utility cuts and delayed relaying.",358570c5-a297-57e7-943c-530fb133cbfb,1,False
a7c6b2c9-54ca-43b8-a065-9be0d6432c76,13.0309019,80.2669013,unsafe,unsafe_road,general,"MRC Nagar Main Road, RA Puram: 2026 Madras High Court petition: illegal parking, vendors and encroachments obstructed the road/footpath, reducing a narrow residential road to effectively one lane and creating safety/access problems.",84888c0c-116a-516f-a9a2-eb16eb15d7f2,1,False
7b8365bc-9354-4a19-85ac-729775ef254d,13.028207,80.2678232,unsafe,unsafe_road,general,"South Beach Avenue, RA Puram: 2026 High Court petition specifically names this street among MRC Nagar-area roads affected by obstruction, encroachment, parking and sanitation issues.",2267697e-b228-5212-ab4b-ec22a830f4ed,1,False
d7df33ae-d4b5-4243-bd86-64276dac3872,13.0291053,80.2687452,unsafe,unsafe_road,general,"Janaki Avenue, RA Puram: 2026 High Court petition specifically names this street among roads affected by persistent obstruction, parking and pavement encroachment.",96da1a77-ce72-5ff4-98ad-1ba7be377b1f,1,False
e75e93cd-99c0-4134-9dec-de51c9bf5e4c,13.0291053,80.2696671,unsafe,unsafe_road,general,"Kasthuri Avenue, RA Puram: 2026 High Court petition specifically names this street among roads affected by illegal parking, vendors and encroachments.",4aecf944-e7ef-5a3c-adf9-3f3b7811cf4d,1,False
deb4a10d-48ea-453e-923c-ca9747a0945e,13.0300036,80.2687452,unsafe,unsafe_road,general,"Thandavarayan Street, RA Puram: 2026 High Court petition: narrow road obstructed by parking/vendors; residents said congestion made ambulance access difficult.",67a41761-22f9-563a-9bf5-3ad3d0377979,1,False
5eff4cb8-6ea7-4712-8654-c12f2d565f60,13.1135465,80.2576819,unsafe,unsafe_road,general,"Vyasarpadi Cooperative Industrial Estate internal roads: 2026 report: internal roads are severely damaged and largely unlaid, with heavy vehicles, sewage overflow and industrial waste making movement difficult.",740be8e8-e958-55c6-8349-7ff0a71a7ca0,1,False
b3eb3051-60cd-4e1e-a7ef-65aa1377a1b6,13.1135465,80.2576819,unsafe,poor_lighting,general,Vyasarpadi Cooperative Industrial Estate: 2026 report: adequate street lighting is almost non-existent; workers reported the premises become dark after 6:30 pm and specifically raised women's safety concerns.,b1ab9fce-3e2a-5c67-98a2-0372cdd4b5fb,1,False
1e0e3807-84b1-4ac1-bdfc-b5879bf918bd,13.0066475,80.2383212,unsafe,unsafe_road,general,"Sardar Patel Road near CLRI: Documented pedestrian hazard: footpath near CLRI was only about 10 inches wide, forcing pedestrians onto the busy road. Older source; retain only as historical infrastructure evidence.",b8cd9f6b-00c9-5f34-b5d3-0f01a5bd7259,1,False
07dba983-8ad0-4db0-9eac-50ef19a94150,13.0776141,80.255838,unsafe,unsafe_road,general,"Taylors Road / EVR Periyar Salai junction: 2026 GCC junction-safety programme specifically includes this junction for bell-mouth improvement intended to improve turning, congestion and pedestrian crossing safety.",b0440c31-8433-5b6a-ab06-d20835bd460d,1,False
434d68c6-db94-4754-91bb-7c25a1381adb,13.080309,80.2539941,unsafe,unsafe_road,general,Flowers Road / EVR Periyar Salai junction: 2026 GCC junction-safety programme specifically includes this junction; works are intended to improve traffic movement and pedestrian crossing safety.,6a325417-f44a-591c-a0a0-e670f95d92a9,1,False
18e00794-56fd-4715-bc25-13c689c1868b,13.1216313,80.2779646,unsafe,unsafe_road,general,"Chigirintha Palayam 3rd Street, Korukkupet: 2026 report: temporary exposed electricity cables run across the footpath/road; residents, schoolchildren, women and senior citizens use the stretch.",4df6119d-41c0-51a6-b63b-8906ea87de91,1,False
1b74d39c-421d-4d3a-80e6-fb3e1c4b7799,13.1225296,80.2788865,unsafe,unsafe_road,general,"Chigirintha Palayam 4th Street, Korukkupet: 2026 report: temporary exposed electricity cables were laid openly across pedestrian/road space, creating a safety risk especially during rain.",397aeb93-d3c5-5c3b-b0b2-8ebfe735080a,1,False
820703b2-81f3-4644-897a-726f42b73ff9,13.123428,80.2788865,unsafe,unsafe_road,general,"Chigirintha Palayam 5th Street, Korukkupet: 2026 report: exposed temporary EB cables cross the footpath/road and force pedestrians to move carefully around them.",f63e667a-259a-56dc-a117-72a7a02d1bc6,1,False
49cac700-2ff3-4d9e-aa32-8115ad537447,13.0632411,80.2816524,unsafe,unsafe_transport,woman,"Bells Road bus stop, Chepauk: 2026 report: parked two-wheelers and autos force buses to stop away from the bus bay, making passengers board/alight unsafely.",43144c17-b9c9-5680-98bb-6b80e75dc478,1,False
17a2571a-3dff-4f27-aaa8-44cd369cd0de,13.0883938,80.2115849,unsafe,unsafe_transport,woman,"14th MTC bus stop, Anna Nagar 3rd Avenue East: 2026 report: two-wheelers parked outside an Aadhaar centre block the bus bay, forcing buses to halt on the main carriageway and passengers to board there.",50d80dbe-38f4-5fa7-8910-27903fe26f92,1,False
61b09623-773e-46b3-a138-9e061a5e5544,13.109055,80.2484625,unsafe,unsafe_road,general,"Madhavaram High Road near Perambur Railway Station: 2026 report: shop extensions, advertising boards and displayed goods blocked footpaths on the busy railway-station/bus-stop connection.",bb9edec6-d500-56b9-b921-393be4808ebd,1,False
66f6d3fb-6474-493c-aaca-aebd51743502,12.9635286,80.2060532,unsafe,unsafe_road,general,"Rajalakshmi Nagar 3rd Street, Pallikaranai: 2026 report: construction debris was covered with gravel instead of being removed, raising the street level and obstructing natural drainage, increasing monsoon waterlogging risk.",e915643b-aeaf-5e1d-ae03-adedf0b24f46,1,False
4e1dc848-740b-4b9b-aeae-50e4875ed4e6,13.0057492,80.2198823,unsafe,unsafe_road,general,"Race Course Road, Guindy: 2026 road-safety programme identifies the corridor as part of Chennai's accident-prone/high-risk network subject to safety improvements; corridor-level seed, not a single blackspot.",1dc6a947-a6fe-58c1-ad1b-d005650086a2,1,False
785a82dd-4d3f-4fbd-b983-21c0aecd4d7e,12.9787999,80.2180385,unsafe,unsafe_road,general,Velachery Bypass Road (SH48C): 2026 road-safety programme identifies this corridor for safety upgrades after road-safety audits and crash-data analysis found high-risk/blackspot-prone stretches.,de7da23b-25b1-5a33-b0ee-036a60cd014e,1,False
e2491e2e-2f82-408b-b357-407fbd0148db,12.9913762,80.2373992,unsafe,unsafe_road,general,Taramani Link Road (SH48B): 2026 road-safety programme identifies this corridor for safety upgrades after audits/crash-data analysis found high-risk stretches and pedestrian-infrastructure issues.,9b1f6057-193f-585a-8e82-7975b315ae4e,1,False
a9cafeed-ddce-4ab8-8ddf-7807683c727b,13.0650377,80.2604477,unsafe,poor_lighting,general,"Anna Salai subway opposite Higginbothams: 2026 report: only about 6 of roughly 24 lights were working; leaking walls, stagnant water and a loose drainage cover also created pedestrian hazards.",318403cc-a6b9-57e0-8566-cbd2024aa597,1,False
ff6725c5-15fe-4d00-ab35-fbc6866715d5,13.0533597,80.25676,unsafe,unsafe_transport,woman,"Ameer Mahal bus stop, Royapettah: 2026 report: vehicles parked near the bus stop create inconvenience and constrain commuter access.",f7e0d1cf-295a-5350-9891-80d3517498a6,1,False
57cbf188-5ddb-4857-9a35-5bde0dd0cfa0,13.1189364,80.1664098,unsafe,unsafe_transport,woman,"Balaji Nagar bus stop, Kallikuppam, Ambattur: 2025 report: two-wheelers routinely park in front of the bus stop, obstructing commuters and bus-stop access.",5d17336b-d19a-5d75-b0b1-c7c4c4804b7e,1,False
3df940c1-a8be-455c-90ce-a364fee2b6b5,13.0533597,80.1922241,unsafe,unsafe_transport,woman,Virugambakkam bus stop: 2026 report: open/uncovered bus stops force commuters to wait in the open; inadequate shelter is a documented stop-level problem.,85b8f940-fbf1-537c-b90e-4444a604df8b,1,False
75a0ef61-da48-4da4-a098-c757bb720fcd,13.0874955,80.2549161,unsafe,unsafe_transport,woman,Pattalam bus shelter: 2026 report: damaged bus shelter provides poor protection for commuters and was reported as a public concern.,86079201-1468-52df-b725-6f01baed6a29,1,False
7b1c809a-6196-4e14-a05a-ba885aa3f02c,13.0353935,80.2669013,unsafe,unsafe_transport,woman,"Thiruvalluvar Statue bus stop, Mylapore: 2026 report: temporary shelter accommodates fewer than 10 people while this high-use stop receives a bus roughly every two minutes, leaving many commuters exposed.",98c11c1f-4371-53cb-b902-65fa7ab35509,1,False
03379853-e418-4168-8e07-15a0cd8d9618,12.9976644,80.2005216,unsafe,unsafe_transport,woman,"Asar Khana bus stop, Alandur: 2026 report: bus-stop shelter was removed during road widening and no temporary replacement was provided; commuters were forced to wait on the road.",bffb7b90-be42-5089-85cf-b041115535b3,1,False
a970959d-cf5a-49d0-95db-c70300f7337f,13.0057492,80.2198823,unsafe,unsafe_transport,woman,"Race Course Road bus stop, Guindy: 2026 report: stop lacked seating, drinking water and CCTV; lighting was non-functional at night and buses often stopped away from the designated point.",c1100ab8-8774-5aa7-ba0b-77cd436fbee2,1,False
70232206-fcb0-4f5b-8c3d-5cf1d89758d5,13.0821056,80.2844182,unsafe,unsafe_road,general,"NSC Bose Road outside Madras High Court: 2026 report: extensive advocate parking and barricades consumed lanes, pushing pedestrians onto the carriageway and severely restricting traffic.",11d280a0-3856-5ad8-993a-e7e7afcb1b2b,1,False
53da388a-a6bb-491e-8603-6dfbee814842,13.0039526,80.25676,unsafe,unsafe_road,general,"Besant Avenue Road, Adyar health-walk track near Karpagam Garden police booth: 2026 report: parked vehicles completely blocked the footpath near the police booth; walkers repeatedly switched sides or used the road because of encroachments.",7f6dbbbe-aca9-5be6-834e-29b854fdf241,1,False
91d57006-e804-4a4b-bf15-28d856eeceab,12.9886813,80.2539941,unsafe,unsafe_road,general,"West Avenue Road, Thiruvanmiyur, near OMR approach: 2026 report: underground cable work left debris and barricades occupying the pavement, forcing pedestrians onto the roughly 1.5-lane road; minor trips/falls were reported.",794f0f14-1b86-5b85-beaa-42d405312f3d,1,False
9ff7d996-4943-4ee5-8a93-24cf679fa2f4,12.9689184,80.2042094,unsafe,unsafe_road,general,"200 Feet Radial Road service lanes, Pallavaram–Thoraipakkam section within Chennai: 2026 report: service lanes had water-filled craters and unrepaired surfaces; the main carriageway also had potholes near the Velachery Main Road junction. R",87763f7c-1c9a-5d56-b65a-fa14e72851ae,1,False
20c79188-6582-49e4-a895-f746f4890ad5,12.9752066,80.2115849,unsafe,unsafe_road,general,"Velachery Main Road junction, 200 Feet Radial Road: 2026 report: potholes were specifically reported near the Velachery Main Road junction on the Radial Road.",477cc3e0-d675-57f2-be7b-acee8e20bfdb,1,False
d405ac92-ded3-4bf3-991f-7d3680787f4e,13.080309,80.2521503,unsafe,unsafe_road,general,New Avadi Road / EVR Periyar Salai junction: 2026 GCC programme specifically includes this junction for bell-mouth improvement; project rationale includes safer pedestrian crossing spaces and reduced congestion.,265f22f2-2d05-5d81-b5e4-5697401b2b9e,1,False
ab748219-6bbb-46f6-97e7-0aa4455b97d7,13.0812073,80.2512283,unsafe,unsafe_road,general,Vasu Street / EVR Periyar Salai junction: 2026 GCC programme specifically includes this junction for bell-mouth improvement and pedestrian-safety upgrades.,656c1d78-b314-5319-9c86-9e5c848e0593,1,False
66afefba-7e89-45c0-bcff-f937f3082d46,13.0812073,80.2503064,unsafe,unsafe_road,general,Alagappa Road / EVR Periyar Salai junction: 2026 GCC programme specifically includes this junction for bell-mouth improvement and safer pedestrian crossing spaces.,8afc4fe3-35c9-5e7f-856b-f6c4f5f5d0af,1,False
3f925779-b919-482b-9459-9f1a8ebfa28c,13.0821056,80.2493844,unsafe,unsafe_road,general,Dr Nair Road / EVR Periyar Salai junction: 2026 GCC programme specifically includes this junction for bell-mouth improvement and pedestrian-safety improvements.,e2cdb5ee-e867-553f-9cce-d60b6718d810,1,False
08179895-80cd-4ff9-b0b0-9f4f0e45e1eb,13.0758175,80.2595258,unsafe,unsafe_road,general,Gengu Reddy Subway Road / EVR Periyar Salai junction: 2026 GCC programme specifically includes this junction for bell-mouth improvement intended to improve traffic flow and pedestrian crossing safety.,6b03c4b1-f00b-57fd-94cc-3b9a73d14a2c,1,False
e8aac6bc-17a9-4e27-8519-626a41bad8f0,13.0416816,80.2346334,unsafe,unsafe_road,general,Sir Thyagaraya Road near Pondy Bazaar: 2026 report: damaged manhole cover with protruding iron rods remained in the middle of the road for months; poor cable-work patching was also reported along the stretch.,7eb71872-9c40-5d78-bd9b-269c155a9d2a,1,False
c97c3e2f-28fc-4d9a-8745-1a33c97e60ed,13.0326985,80.2189604,unsafe,unsafe_road,general,"Ellaiamman Kovil Street, West Mambalam: 2026 report: manhole and rainwater intake points were below road level after SWD work; riders reportedly lose balance and fall frequently.",37dfc7ab-83c1-5d3c-b020-5983ea20dea3,1,False
7fc33cbd-2f43-42f4-84a9-17c77cca460b,12.9392742,80.2327895,unsafe,unsafe_road,general,"Pillaiyar Koil Street, SBI Colony, Thoraipakkam: 2025 report: damaged, almost-open manhole cover remained unrepaired for more than a week and was only marked with a branch to warn commuters.",ae9687d7-1a5f-5fe6-a330-e269449a0432,1,False
f28e7e7d-8964-4119-82ad-4acb547a190b,13.0335968,80.2198823,unsafe,unsafe_road,general,"Kavarai Street, West Mambalam: 2025 report: damaged/open manhole, slush and water-pipeline leakage created a serious hazard for motorists and pedestrians, especially during rain.",5f92bad6-da50-5002-ade4-3d905276c69f,1,False
8d903fb8-3e2d-453a-8a84-f6954bf78f6c,13.0318002,80.2420089,unsafe,unsafe_road,general,"Nandanam near Government Arts College footpath: 2025 accessibility report: debris, encroachments, poles and vendors obstruct the footpath; a heavily used route to Government Arts College was difficult for pedestrians and visually impaired u",aa26da2b-2d5d-5fbd-a772-4b9a90edfc96,1,False
8a5b03f8-649f-4fc8-8e0d-0bcb300ba819,13.0614445,80.2807304,unsafe,unsafe_road,general,Chepauk near New State Guest House footpath: 2025 report: police barricades stored on footpaths near the New State Guest House force pedestrians onto the road.,77cb98b8-3416-5f84-9040-65a4609997fc,1,False
f227dcc1-bdf7-4c3e-8561-3b0fc520fac9,13.0722242,80.2189604,unsafe,robbery_theft,general,"NSK Nagar 4th Street, Aminjikarai: 2026 police report documents a knifepoint residential robbery on NSK Nagar 4th Street. Incident-level seed only; it does not establish that the entire street has a high robbery rate.",f028c8ee-5f6f-5d9f-bede-676d2fe70d53,1,False
2eee4adc-ced2-43fd-8e9c-6ab3c628e65b,13.0461732,80.2613697,unsafe,unsafe_road,general,"Dr Radhakrishnan Salai / Royapettah High Road junction, Mylapore: 2026 report: a 4-ft section of road caved in at this junction due to a damaged storm-water drain; it was the third cave-in at the same spot.",09a6788a-8144-583e-b559-48c88839ea52,1,False
3ebbba8b-004f-4f3f-a8c6-19732eedf643,13.1189364,80.2917937,unsafe,unsafe_road,general,"Kalmandapam near marriage hall, Royapuram: 2026 report: a large political cut-out/hoarding placed on the footpath near a marriage hall blocked pedestrian access and raised concern that it could fall.",316fbb2e-5046-568d-9c2e-8514bfa044ad,1,False
bab73a20-d662-4226-8a8a-3bca8c6e36fb,13.0156306,80.2355553,unsafe,unsafe_road,general,"Gandhi Mandapam Road, Anna University–Adyar stretch: 2025 report: pedestrian walkways were reduced to nearly half their previous width during road-extension works, forcing some pedestrians to use the carriageway.",16c5e275-cb46-5b22-b781-178fb1b6fa7a,1,False
a4977cf2-5919-48ff-b6c3-d3070bb850df,13.1162415,80.2917937,unsafe,unsafe_road,general,"Suriya Narayanan Chetty Street, Royapuram: 2025 report: civic works left the road dug up, muddy and dusty; uneven road conditions were reported as dangerous for motorists in the Royapuram/Kasimedu corridor.",19e98075-ad35-5431-9069-a57e242dcc50,1,False
db94a732-01d0-4fb7-b41c-50309821b3df,13.0389867,80.2346334,unsafe,unsafe_road,general,"Ranganathan Street, T Nagar: 2025 report: shops encroach on the footpath and walking becomes chaotic; low-lying utility cables further obstruct pedestrian movement.",bbe483bb-7766-5cd0-9ccb-75454526cda4,1,False
dafe2d9f-396a-4710-99b4-b56965fa3497,13.0183255,80.1719414,unsafe,unsafe_road,general,"Dr Ambedkar Nagar 3rd Main Road, Manapakkam: 2025 report: damaged manhole in the middle of the road had exposed iron rods, underground pipelines and open sewage; barricade was reportedly difficult to see at night.",03909322-edab-5e7c-ae2c-7516d1f5314d,1,False
07e4f057-0e1b-4a58-bd16-d3783c1675e2,12.9689184,80.1995997,unsafe,unsafe_road,general,"Ramamurthy Nagar Main Road, Madipakkam: 2024 report: a raised Metro Water manhole on the road was struck by a two-wheeler in a fatal crash. Incident-level infrastructure hazard.",a2bbc52f-21f5-5251-aa3d-41751ded1ff8,1,False
85816fdb-26d6-4f98-9970-05f73f54b5df,12.9680201,80.2005216,unsafe,unsafe_road,general,"Ram Nagar South 7th Main Road, Madipakkam: 2024 report: two open storm-water manholes were documented on the street during flooding; residents warned pedestrians to walk in the centre of the road.",6ddafb47-1366-5d1b-9f66-91e530f5d9d6,1,False
00bfe15e-bba0-489f-b343-bd5594acefdb,13.1162415,80.2576819,unsafe,unsafe_transport,woman,"Mullai bus stop, Sathya Murthy Nagar, Vyasarpadi: 2024 report: an uncovered drain opposite the bus stop was hidden under floodwater without barricades or warning signs; schoolchildren were seen warning pedestrians.",8f10055f-6147-564e-af48-2ed9e4592c72,1,False
5f0b76b6-4ebe-4f8d-97c2-051b1bc22abd,13.0973769,80.1461271,unsafe,unsafe_road,general,"Galaxy Road, Ayanambakkam: 2021 report: four open potholes/manholes remained on Galaxy Road after cyclone damage; residents reported frequent accidents and inadequate lighting.",7482378f-d015-5d0c-b415-667f2366dbcd,1,False
cd592660-c0d2-4853-95f1-32fb9ad5d4a0,13.0973769,80.1461271,unsafe,poor_lighting,general,"Galaxy Road, Ayanambakkam: 2021 report: street lights were missing on most access roads in the area and traffic lights did not work on most access roads; source also records night-time safety concerns.",f206e4d2-d7d9-5aae-9dea-1a929bf89baf,1,False
20cdd218-e996-4d6f-923f-3ad54c5e9a78,13.0551563,80.2586038,unsafe,unsafe_road,general,"Whites Road, Royapettah: 2017 historical report: damaged/loose storm-water-drain covers and poor pavements created pedestrian hazards, especially on rainy nights.",8eb59274-4141-53ef-9ebe-e242226a89b2,1,False
bfc322c8-9e54-4f6f-9294-63584565dc92,13.054258,80.2604477,unsafe,unsafe_road,general,"Peters Road, Royapettah: 2017 historical report: damaged/loose storm-water-drain covers and poor pavements created pedestrian hazards.",e91ea74e-612f-52ab-8fba-f5c510619040,1,False
39e1ba34-8df5-4416-995d-477aaf7bd6b7,13.0551563,80.2613697,unsafe,unsafe_road,general,"Pattulos Road, Royapettah: 2017 historical report: damaged/loose storm-water-drain covers and poor pavements created pedestrian hazards.",7700fe47-05ab-58fa-9aeb-d5337d871e42,1,False
aa9aed63-6d73-47ba-9685-a0af1f492bd6,13.1503773,80.2936376,unsafe,unsafe_road,general,"Ennore Express Highway, Tiruvottiyur manhole/barricade incident stretch: 2026 report: a two-wheeler hit a barricade around a road manhole, causing a passenger to fall into the path of a container lorry. Residents also cited construction deb",7b8882a6-aa8d-537f-ae77-ba2af9edf16e,1,False
4d7f336f-8647-429f-b702-dd2851108ab9,13.0623428,80.2355553,unsafe,unsafe_road,general,"Nungambakkam Subway, Nelson Manickam Road: 2026 report: pothole-ridden subway with stalled repair work; the route serves school and college students and hospital users.",c6376759-0fc0-5c87-994a-dd9d518c580a,1,False
9500dc73-23f1-4568-9610-208e7915d666,13.0371901,80.224492,unsafe,unsafe_road,general,"Duraisamy Subway, T Nagar–West Mambalam: 2025 report: water leakage, eroded tar, damaged concrete, potholes and stagnant rainwater made the subway risky for commuters.",c0c7968a-9a44-5e5a-9d90-6669b6ba0e24,1,False
12df615b-06d3-49c8-b08d-56ca6fb8225a,13.0362918,80.2226482,unsafe,unsafe_road,general,"Madley Subway, West Mambalam–T Nagar: 2025 report: rainwater seepage created slushy sections and the subway remained in poor condition.",7417040b-5c16-54c7-85b4-f8ba75018be9,1,False
848cec38-e075-43ce-9398-31d93eb9598c,13.0479698,80.2373992,unsafe,unsafe_transport,woman,"Thirumalai Pillai Road near Vidyodaya School bus stop, T Nagar: 2026 report: vendors and tanker lorries obstruct the footpath and bus-stop area; buses stop away from the designated point and commuters cross heavy traffic to board.",afcc74b0-3ab8-55f4-a07b-cd5a1bdb21c8,1,False
a2d47db4-e90e-453c-a2ac-d13cd80ab37b,13.0821056,80.2733549,unsafe,unsafe_road,general,Wall Tax Road near Chennai Central Railway Station: 2026 report: lack of signals/designated zebra crossings and frequent jaywalking create repeated near-misses and minor accidents on the busy road.,49bbd2c2-457b-5ed7-908b-a7c69ce8fc4c,1,False
759019c6-2c5a-49d5-8e02-58643fae46ea,13.1126482,80.2512283,unsafe,unsafe_road,general,"Low-height railway culvert linking Poleri Amman Koil Street/AA Road to Perambur High Road: 2026 report: narrow, low-clearance culvert is used by pedestrians and two-wheelers as a shortcut; riders bend while passing and residents describe it",68efd98a-25d2-5dc4-8443-38befe416e7d,1,False
5989f546-bb39-44a2-ad85-003b57b51d31,13.1261229,80.2908718,unsafe,unsafe_road,general,"Vaithyanathan Road, Tondiarpet: 2026 report: incomplete road excavation narrowed the one-way street; damaged sewage chambers, stagnant sewage, debris and inadequate barricades increased accident risk.",646287a4-d9cc-52d3-8c5d-c82d9395541a,1,False
f57b371f-a017-45d8-9578-37f2d50d96e1,13.1171398,80.2051313,unsafe,unsafe_road,general,"Teacher's Colony 1st Cross Street, Kolathur: 2026 report: underground utility works damaged a recently laid road, leaving potholes, loose stones and a narrowed usable stretch.",00e406a8-74ba-5330-aea8-961acb11679b,1,False
9c019089-8f74-4b53-aec8-c22514d944f0,13.1189364,80.2069752,unsafe,poor_lighting,general,"VV Nagar 3rd Street, Kolathur: 2026 report: underground works left the road uneven with potholes and loose stones; residents reported non-functional/inadequate street lighting at night.",66586afe-9d05-5723-9ddd-d875802715ed,1,False
16a4fd64-75ff-40bf-82c9-88449206ea91,13.0641394,80.2779646,unsafe,unsafe_road,general,"Swami Sivananda Salai, section beyond MLA Hostel: 2026 report: roughly 100 m damaged by heavy water-tanker traffic; potholes, slush and waterlogging create skidding/accident risk.",cf66f6a8-e03b-5841-98e9-7e6e5a09f955,1,False
dd3ef5b2-c766-4c14-8158-e8e7e71c3b4f,13.0353935,80.2088191,unsafe,unsafe_road,general,"11th Avenue, Ashok Nagar near 67th Cross Street: 2026 report: Metro Water works left a large unrepaired stretch with loose gravel at a turning point, creating a serious hazard for two-wheelers.",b6a17da8-c8b4-57f8-b79b-29467b8724d0,1,False
568acd1c-ad75-46f7-9382-2f12291495a9,13.0192239,80.2078971,unsafe,unsafe_road,general,"School Street, West Jafferkhanpet: 2026 report: exposed underground electrical cable remained on the road surface for nearly two months, creating a trip/vehicle hazard, especially in rain.",40084aa3-ae22-5b7a-bdbe-4a2902db921a,1,False
bd62c494-5e3d-408b-910e-1b8f58f2761d,13.0848006,80.25676,unsafe,poor_lighting,general,"GCC Herbal Park, Purasawalkam: 2025 report: only a few lights were functional and much of the park was dark after 6 pm; visitors also reported no CCTV/security.",e508faf6-0977-5934-b3a2-0aef37b060b2,1,False
f31de8cb-a509-4a04-9970-4635cc8dad3a,13.0848006,80.25676,unsafe,no_cctv,general,"GCC Herbal Park, Purasawalkam: 2025 report: visitors reported no CCTV cameras and no security guard, with concerns about evening safety.",0a85f128-6f3c-5582-b024-9d52b0274793,1,False
bc376063-5b8f-4ade-b0a7-ffee5bac3587,13.1144448,80.2586038,unsafe,poor_lighting,general,Vyasarpadi railway-station approach pathway: 2023 report: pathway lacked adequate lighting and a proper road; residents said women/students were using an unsafe route along the railway track.,2e91755f-5fbf-55a3-81f5-3874c2f45641,1,False
a9dc56e2-26c4-492e-86fc-27dfb79889f6,13.0865972,80.2816524,unsafe,poor_lighting,general,"Broadway Bus Terminus: 2023 women-safety audit: poor lighting, encroachments, lack of seating/signage and poor accessibility were documented at Broadway Bus Terminus.",9c3e418b-4e6e-50e1-8d3d-29aea9dda438,1,False
5b21d508-f3df-487f-b8e1-8b0675f42776,13.0057492,80.2198823,unsafe,poor_lighting,general,"Guindy Bus Terminus: 2023 women-safety audit: poor lighting, encroachments, lack of ramps/seating/signage were documented at Guindy Bus Terminus.",51a5b7e6-ce66-5ee6-8172-5c4571787aeb,1,False
9ce19801-7b33-42f1-b56f-3eba43a06dbc,13.135106,80.2447747,unsafe,unsafe_transport,woman,"IOC Bus Stand, Chennai: 2023 women-safety audit: dark spaces behind the bus stand were reportedly used for illegal activities; the report flagged the location as unsafe for women.",ed7cbaf3-db46-5154-9c36-753c5ae97534,1,False
14dc5aba-e155-4fa5-98dc-5f2b7069d470,13.1261229,80.25676,unsafe,unsafe_transport,woman,"KKD Nagar Bus Depot: 2023 women-safety audit: men were reportedly drinking on the approach road to the depot, with the location flagged for women's safety concerns.",321e1f1a-8881-58be-90eb-2d6cd51b5a09,1,False
0994611c-ccbf-421e-9dce-b36d358b1298,13.1369026,80.2576819,unsafe,unsafe_transport,woman,Muthamizh Nagar Bus Depot: 2023 women-safety audit: substance abuse was observed behind depot toilets and the site was flagged for safety concerns.,0c232f66-2401-5e64-960c-90cd15e4ded4,1,False
0a2a6ab2-1230-4a74-9b0e-c2c718177f89,13.109055,80.2521503,unsafe,unsafe_transport,woman,Ambedkar College Bus Stop: 2023 women-safety audit: substance abuse and public urination were reported around the bus stop.,d6db5f2f-dee2-592b-a9d0-6f929fbe4909,1,False
538d3972-9f0c-4910-92b2-4944e957a4a7,13.0362918,80.2115849,unsafe,unsafe_transport,woman,Ashok Pillar Bus Stop: 2023 women-safety audit: substance abuse and rowdyism were reported around the bus stop.,28bde4c8-1f86-5df0-8e7c-6efcc9c0b4d4,1,False
f22dcc9b-8962-4679-ba22-967e6bd8b82e,13.025512,80.2632135,unsafe,poor_lighting,general,Mandaveli CMRL pedestrian walkway starting from V K Iyer Road: 2025 inspection: narrow barricaded walkway was ill-lit; some lights did not work in the evening and users reported drinking/broken bottles near the route.,c254569e-5fa0-56b9-8dfc-740e3151bb9d,1,False
5305a396-985e-48fe-a340-ea6900d24146,13.025512,80.2632135,unsafe,no_cctv,general,Mandaveli CMRL pedestrian walkway starting from V K Iyer Road: 2025 report: CMRL temporary pedestrian walkways were created without CCTV in the project cost; the Mandaveli route was among inspected locations with safety concerns.,db92fe1c-1cb1-56a5-933d-ca68ac062773,1,False
27a44938-b88a-423a-8dcc-65669fd01745,13.0326985,80.2678232,unsafe,poor_lighting,general,"Luz Church Road CMRL pedestrian walkway: 2025 inspection: CMRL barricaded walkway was described as narrow, ill-lit, uneven and unsafe for women.",4683ee8d-41c5-51e1-9863-d6b65c02c50d,1,False
d41b651d-057b-499b-9534-223bef95d431,13.0326985,80.2678232,unsafe,no_cctv,general,"Luz Church Road CMRL pedestrian walkway: 2025 report: temporary CMRL walkways lacked consistent CCTV coverage; the inspected Luz Church Road route had blind, enclosed sections.",8ec2c3c9-fb72-59b5-b01b-a6ea166f2600,1,False
349f66df-570f-4db7-923c-1789ddebef4b,13.0407833,80.2327895,unsafe,poor_lighting,general,"Venkatanarayana Road–Sivagnanam Street CMRL walkway, T Nagar: 2025 inspection: six-foot-high barricades created blind spots and the walkway was only about 1 m wide, below pedestrian standards.",3a1e1e6e-6871-52d9-b8a3-d867d081bcf0,1,False
bd7402aa-1a4a-4cd4-bf88-946a3588ee9b,13.0596479,80.25676,unsafe,poor_lighting,general,"Thousand Lights CMRL pedestrian walkway/crossover, Anna Salai: 2025 inspection: temporary barricaded walkway was among the CMRL construction paths criticised as dark, narrow and difficult to navigate.",08ccc884-7a87-586c-8686-0575b9bed19e,1,False
b220f323-74ad-4228-92ba-dab6fba4218d,13.0704276,80.241087,unsafe,poor_lighting,general,"Sterling Road CMRL pedestrian walkway: 2025 inspection: CMRL construction walkway was among the locations described as narrow, ill-lit and unsafe.",002b54d9-f9bd-564f-ae59-3b09755ae4b5,1,False
a671350c-4a4b-4c7a-9420-c4e249f771f3,13.039885,80.2337115,unsafe,unsafe_road,general,"Pondy Bazaar pedestrian plaza–Venkatanarayana Road CMRL walkway: 2025 report: walkway connecting the pedestrian plaza to Venkatanarayana Road was about 1 m wide, below the 1.8 m IRC comfort standard, with opaque barricades limiting visibili",049f9992-e075-5206-9d15-657d3fb19f91,1,False
5e709e8f-1c33-403f-b219-c0ab3d8ba955,13.1144448,80.2051313,unsafe,poor_lighting,general,"Srinivasan Nagar CMRL pedestrian walkway, Kolathur: 2025 inspection: this was one of the eight CMRL pedestrian-walkway locations visited and was part of the reported dark/dirty/dangerous construction-path problem.",7894f2ed-c356-5c64-a31d-b900b8de13af,1,False
654c2017-0435-4ffa-81fc-ea085bab999c,13.054258,80.2217262,unsafe,unsafe_road,general,"Rathinammal Street / Dr Ambedkar Road junction, Kodambakkam: 2026 report: temporary steel cover over a storm-water-drain manhole shifts under traffic and exposes a hole; night-time two-wheeler riders reportedly lose control.",a6533dcc-743e-597c-be1c-b659660bc6fe,1,False
ba97f4db-edd0-47d7-b03b-e4a3eb35cb4f,12.9383759,80.2291018,unsafe,unsafe_road,general,"3rd Main Road, Secretariat Colony, Thoraipakkam: 2026 report: delayed UGD work leaves the road muddy and slippery; a severely broken manhole cover creates a hazard for commuters, pedestrians and children.",a4ddaba0-11fa-570a-bba4-17e430af3059,1,False
9ad6602f-d77c-414d-96ee-f49d0aa065f0,13.0318002,80.2696671,unsafe,unsafe_road,general,"Appu Street, Mylapore: 2025 report: milled road remained unrelaid for nearly a month; slippery surface and sewage manhole posed accident risk to motorists and pedestrians.",fb5c30ae-e258-5383-bb3c-1bc0a564013a,1,False
4188cf04-3829-4621-8c07-833360da3531,13.0318002,80.2687452,unsafe,unsafe_road,general,"Chitrakulam North Street / Appu Street intersection, Mylapore: 2025 report: damaged manhole lid at the intersection was explicitly described as making the stretch accident-prone.",5830029e-4b3f-55da-a2ca-5c27839cf164,1,False
ec83ce0f-1c9e-40f9-8ee1-84cf43f9a509,13.0371901,80.209741,unsafe,poor_lighting,general,Vaigai 1st Cross Street near Ashok Nagar 12th Avenue: 2025 report: damaged Metro Water manhole was temporarily covered; the busy bypass stretch was particularly vulnerable at night because of poor street lighting.,3f43f5a0-ce5e-5349-8b95-6da13f028bb5,1,False
fc2e382d-0fb8-40ca-a940-0abeee0c89e7,13.0371901,80.209741,unsafe,unsafe_road,general,Vaigai 1st Cross Street near Ashok Nagar 12th Avenue: 2025 report: manhole cover gave way under a vehicle and was temporarily covered with tin sheets/bricks without proper barricading.,2d1517d7-f31d-59e6-8a49-e7325f60cbc1,1,False
f4da73bc-bfa8-4cfd-a7b5-3e3d2f4c5188,13.028207,80.2742768,unsafe,unsafe_road,general,"Madha Church Road, Santhome: 2025 report: sewage overflowed from multiple manholes; one sewer manhole was reportedly left open for months.",408cc7f4-3c78-537e-9fb1-e2663055a4d9,1,False
e948f5d8-6899-4e55-a157-e4a4fc0abd22,13.083004,80.2761207,unsafe,unsafe_road,general,"Southern Railway Headquarters pavement, EVR Periyar Salai / PH Road: 2024 report: open sewage-filled manhole with broken lid and protruding iron rods on a high-footfall pavement near Chennai Central.",224f4f95-980c-5557-9b9c-c9a8a18716a1,1,False
86ada9b0-1f24-4797-a053-1bd521ca1e91,13.1072584,80.2549161,unsafe,unsafe_road,general,"Gurumurthy Garden Street, Perambur Corporation Girls High School frontage: 2024 report: collapsed school compound wall and construction debris near the road/footpath created a public safety concern.",280b8e9c-a61c-5091-949b-ed5ef9313c86,1,False
c474dfaf-3a7e-4122-b332-d97a19fc2f63,13.1252246,80.2899498,unsafe,unsafe_road,general,"Thiruvottiyur High Road, Tondiarpet — 500 m SWD-work stretch: 2026 report: about 500 m affected by SWD work; broken/missing temporary walkways, collapsed or missing barricades, rubble and open pits force pedestrians close to traffic.",bf1c6b87-4c23-5aa2-8e38-99a266cb27f3,1,False
e7be98a6-d650-4479-9e72-65334e17fe7c,13.163852,80.3010131,unsafe,unsafe_road,general,Wimco Nagar Metro station access area: 2026 CUMTA/ITDP/Sensing Local walkability study: Wimco Nagar ranked among the lowest stations for footpath width and continuity.,05bb60e2-62b7-50f7-af07-766536c95885,1,False
5cc3d316-bddc-4961-b18f-613463f0b16d,13.1584621,80.3037789,unsafe,unsafe_road,general,Thiruvottriyur Theradi Metro station access area: 2026 walkability study: Thiruvottriyur Theradi ranked among the lowest for footpath width and continuity.,735a7340-548b-5591-9417-80d917955e66,1,False
5279e7e4-139f-4255-b466-23e9d4e47275,13.1395976,80.2917937,unsafe,unsafe_road,general,"Tollgate Metro station access area, Tondiarpet: 2026 walkability study: Tollgate ranked among lower-performing station areas for footpath width; encroachment-free performance was also assessed.",3bdccf61-7a2f-503e-a409-3a27361c9bbb,1,False
f1b6c982-380d-49bb-b814-bac19b7a285c,13.0910888,80.2853401,unsafe,unsafe_road,general,Mannadi Metro station access area: 2026 walkability study: Mannadi ranked lowest for junction safety and obstruction-free/footpath continuity indicators.,dc3f99a6-83bc-51bd-8d23-4134993945a9,1,False
436ebddd-c3fe-4d31-bf0a-868bd0db5878,13.0695293,80.2733549,unsafe,unsafe_road,general,Government Estate Metro station access area: 2026 walkability study: Government Estate performed poorly for encroachment-free footpaths; station surroundings also require better last-mile pedestrian infrastructure.,30212ff9-2143-5600-9bc3-ef06221992c6,1,False
dd0af8b5-2175-4ab7-b848-2d178a8b5832,13.0821056,80.2853401,unsafe,unsafe_road,general,"High Court Metro station access area: 2026 walkability study: High Court station surroundings performed poorly on encroachment-free footpaths, despite relatively better junction safety than some stations.",5d3c780d-0ddf-5171-b72b-5d181d544d8f,1,False
065214b4-85e6-436f-8785-f869d172cf7f,13.0767158,80.2429309,unsafe,unsafe_road,general,Kilpauk Metro station access area: 2026 walkability study: Kilpauk had weak crossing frequency and surrounding pedestrian-infrastructure gaps.,8e094543-e0f1-55b7-ad3d-e97ce15ac659,1,False
63bd4dcb-ce53-41eb-ad30-ef209c3ef308,12.9940711,80.1986777,unsafe,unsafe_road,general,"St Thomas Mount Metro station access area: 2026 walkability study: crossing frequency was weak around St Thomas Mount, indicating a pedestrian-safety deficiency in the station surroundings.",5fa9b515-1fec-5a5c-a2b2-6c00721e42c0,1,False
f428f0b8-d067-49f5-8697-2dfcfbb3e8bb,13.1153432,80.2337115,unsafe,poor_lighting,general,"Perambur Loco Works Railway Station pedestrian subway: 2026 report: few lights were functional, long sections remained dim and commuters reported safety concerns in the subway.",ffc21ba8-7cc2-5a2e-90b6-707f41323593,1,False
20cdb630-83d4-4ce7-a043-e348b0826fa7,13.1153432,80.2337115,unsafe,isolated_area,general,Perambur Loco Works Railway Station pedestrian subway: 2026 report: subway was described as uncomfortable to walk through and was reportedly used by men for alcohol consumption.,57fe255c-48fb-52b8-bc7a-2b41c96206cc,1,False
0d17abf5-d309-4159-8d41-5904bff9e9cc,13.0731225,80.2447747,unsafe,poor_lighting,general,Dr Guruswamy Bridge–Chetpet Eco Park railway-station pathway: 2026 report: insufficient street lighting causes pedestrians to avoid the route at night; garbage and overgrown bushes also reduce usability.,a9bde228-1c49-58b4-a5b5-cab954b8fed9,1,False
7b2079a4-bd23-49b0-b44e-61539730d1b5,13.0731225,80.2447747,unsafe,isolated_area,general,"Dr Guruswamy Bridge–Chetpet Eco Park railway-station pathway: 2026 report: poor upkeep, garbage and bushes along the roughly 150 m pathway discourage use, particularly after dark.",26edc5c0-442c-5dff-ba56-dd9e356191e6,1,False
a3d5d6a9-a578-475d-a4fc-a498f2672773,13.1189364,80.25676,unsafe,unsafe_road,general,"MKB Nagar 11th Cross Street, Vyasarpadi: 2026 report: temporary electrical wires were laid along about 60 m of road surface, obstructing pedestrians and motorists for nearly two weeks.",1a06dbc5-3e0d-5444-821e-57d0133e3bbc,1,False
735519e6-08f8-4985-991b-20622dbe3112,13.1288178,80.2604477,unsafe,unsafe_road,general,Tondiarpet High Road opposite Kodungaiyur dump yard: 2026 report: garbage spills from uncovered trucks create a slippery road surface; the report says several people were injured and one fatality occurred over the preceding month.,6b1ffc3e-a9c2-54aa-859b-d435ff1156ea,1,False
1d633c1e-fc0c-4387-8024-8d1137229fbc,13.0731225,80.2641355,unsafe,unsafe_transport,woman,"Gandhi Irwin Road, Nest Hotel bus stop near Mayor Radhakrishnan Stadium: 2026 report: some scheduled MTC buses reportedly pass the designated stop without halting, affecting patients, hospital staff and other commuters relying on the stop.",04024980-5d33-5a00-8b08-1905dac9b049,1,False
c3e58d47-6f41-46a0-9642-bca419738980,13.1081567,80.2530722,unsafe,unsafe_transport,woman,"Jamalia Bus Stop, Perambur High Road South: 2026 report: ramp access and surrounding pedestrian infrastructure were damaged/incomplete during SWD work, affecting passengers, senior citizens and persons with disabilities.",57c7ba5c-e026-5306-a356-97d8b6cd2371,1,False
d1427bd5-4aca-41ce-b512-32faccddf2df,13.1081567,80.2503064,unsafe,unsafe_transport,woman,"Mangalapuram Bus Stop, Perambur High Road South: 2026 report: surrounding access infrastructure was incomplete/damaged during SWD works, creating accessibility problems for bus users.",a50862c1-ae8e-5cd6-81ea-cf98babe0fda,1,False
243863d9-13cc-49ce-ad95-fe022e13f15e,13.0192239,80.2042094,unsafe,unsafe_road,general,"Sardar Colony 4th Street, Ekkatuthangal: 2026 report: worn road surface, uneven patches and an unattended stormwater-drain cover made navigation difficult for pedestrians and motorists.",de614bcc-8a23-5cac-8aea-4957f97e434a,1,False
015dbdf5-14e2-4024-95c7-f060aa8d69e7,13.0856989,80.209741,unsafe,unsafe_road,general,"Anna Nagar 2nd Avenue near Anna Nagar Post Office: 2026 report: uncovered roadside drain with stagnant water, waste and protruding iron rods creates a hazard for pedestrians and motorists near a route used by metro commuters.",d061a0dd-66a9-5af0-adc6-3b70f364b8c5,1,False
10c8b265-bb38-47ff-9762-638f2ff6b0ed,13.0623428,80.224492,unsafe,unsafe_road,general,"Choolaimedu High Road / West Namasivaya Bridge pedestrian walkway: 2026 report: garbage dumping and vehicle parking obstruct the pedestrian walkway, forcing women, senior citizens and office-goers onto the carriageway.",c71d5f87-45dc-55cc-b2cd-ee99f06595fd,1,False
ef0f787a-7491-473d-a1aa-826973694d15,13.0892921,80.2632135,unsafe,unsafe_transport,woman,"Otteri Bus Stop, Brick Kiln Road: 2024 report: commuters said people drinking near the bus stop created safety concerns for women, children and motorists, especially at night; the stop had become busier after another stop was relocated.",04827f8a-72f1-566a-abac-07b32203f4ac,1,False
c275d3a0-15ae-4aec-b974-5bd1f66d971b,13.215954,80.3222177,unsafe,unsafe_transport,woman,"Nehru Nagar Bus Stop, Ennore: 2026 report: residents said a nearby liquor outlet caused crowding, traffic disruption and safety concerns for women and senior citizens during evening/night hours.",1522539e-2cb2-5073-9c85-2927ac4d8a0e,1,False
d5518aa6-c60a-45ea-bd31-6399d9efa1a3,13.1081567,80.1839267,unsafe,poor_lighting,general,"Korattur Railway Station pedestrian subway: 2023 report: subway had no lights, water stagnation and poor footpath maintenance; residents specifically described it as unsafe for women at night.",fa4ac81d-7d0d-5bfc-aaba-1963dbf550af,1,False
81e72f54-2ee2-4aab-98d6-865eb048d055,13.1081567,80.1839267,unsafe,isolated_area,general,Korattur Railway Station pedestrian subway: 2023 report: poor maintenance and a circuitous approach led passengers to avoid the subway and cross railway tracks instead.,405b6ae9-a751-5a1d-8d3b-2ac3b2b1f52f,1,False
96fe9fb7-a65d-4ccc-91ba-b260017bdd33,13.0776141,80.2078971,unsafe,unsafe_road,general,"Poonamallee High Road footpath near DG Vaishnav College, Arumbakkam: 2024 report: broken/uneven footpath with open manholes and litter; students reported injuries and pedestrians said the road felt safer than the footpath.",0a11d971-1f91-5496-9d82-626ae204297d,1,False
52307261-5716-45c2-8637-856b72ce8a7f,13.0497664,80.2143507,unsafe,unsafe_transport,woman,"Saamiyar Madam bus stop, Subbarayan Nagar, Kodambakkam: 2013 historical record: no proper shelter, buses not stopping at the earmarked point, slush during rain and a reported near-miss involving a woman waiting at the stop. Historical; veri",613035a9-8b98-5fa1-b53e-7ec4b97d5cfa,1,False
6253af28-94b8-44f4-ba1e-4604319e597b,13.0506648,80.2125068,unsafe,unsafe_road,general,"Arcot Road, Vadapalani Bus Terminus to Vadapalani Junction: 2026-08-20 report: no proper footpath on parts of the stretch; Metro Rail and SWD works further narrowed road space, forcing pedestrians to walk among moving vehicles.",a3deab42-53e1-559c-8221-c96560e7e7d4,1,False
f98c26a3-742b-4176-94e4-d3080df60b3c,13.0506648,80.2161946,unsafe,unsafe_road,general,"Rangarajapuram Main Road / Viswanathapuram Main Road junction, Kodambakkam: 2026-07-27 report: shop displays, parked two-wheelers/cars and other encroachments block footpaths, forcing schoolchildren, women and senior citizens onto the road.",91762514-b77d-5def-8676-bc2dc463a984,1,False
69d9a6d4-f898-4f99-aa5f-f3dba3629170,12.9689184,80.2456967,unsafe,poor_lighting,general,"OMR service road near World Trade Centre Chennai, Perungudi: 2026-06-02 report: inadequate lighting on the Perungudi/Thoraipakkam service-road stretches makes night travel hazardous.",97a987a9-5857-5dc5-b147-20d1dc8f73b5,1,False
7b9d3503-9530-406c-a942-05ca183e7803,13.1386992,80.2318676,unsafe,unsafe_road,general,"Moolachatram Main Road, Madhavaram: 2026-04-26 report: an over-raised manhole chamber occupies road space and reduces usable width; motorists can lose control when encountering its slope-like structure.",e8eb1f75-2479-52a2-ab3e-b7f46bb49160,1,False
021f37b3-8539-4264-aaaa-de5ed22fd6e1,12.9698167,80.2447747,unsafe,unsafe_road,general,"Anna Nedum Salai, Kandanchavadi: 2026-09-11 report: road surface has deteriorated for about six months; loose gravel/exposed stones and lack of proper footpaths force pedestrians onto the busy carriageway.",669dd224-f335-5acf-bdaa-42a31a5841a7,1,False
8c9fea12-0740-4e30-9689-97fb37313de1,13.0291053,80.2825743,unsafe,unsafe_transport,woman,"Lighthouse bus stop, opposite D5 Marina Police Station, Pattinampakkam: 2026-09-13 report: dilapidated shelter has rusted/leaking roof, inadequate seating and encroachment; passengers are exposed to rain and heat.",8d52f2cd-e06b-5530-8cdb-062012cec08f,1,False
52568bf6-2e4f-4dee-9189-42dddbe1f295,13.0461732,80.2669013,unsafe,unsafe_road,general,"Avvai Shanmugam Road school-zone corridor, Gopalapuram: 2026-09 report: school-access corridor had earlier received wider footpaths and crossings, but school vans and shop encroachments had returned, forcing children to share the road.",dded3fba-6de4-5fbc-81be-b94ba425704e,1,False
35631623-a3c5-4988-a1e0-9257d20e32c7,13.0452749,80.2687452,unsafe,unsafe_road,general,"Conran Smith Road school-zone corridor, Gopalapuram: 2026-09 report: part of the CUMTA safe-school pilot corridor; renewed parking/encroachment undermines pedestrian safety and forces children toward moving traffic.",38d3d61d-36da-5177-818b-3aae530d1189,1,False
99ea629a-8b85-402e-bd2a-7b8bf318f0c1,13.0443766,80.2696671,unsafe,unsafe_road,general,"Padmavathy Road school-zone corridor, Gopalapuram: 2026-09 report: school-zone infrastructure has been undermined by school-van parking and renewed footpath encroachment.",8780ea9a-3ae9-599c-9984-c8f87fa848cf,1,False
14b1ac65-b539-474e-939d-0d07a3ac157d,13.0874955,80.2586038,unsafe,unsafe_road,general,"Purasaiwalkam High Road outside ELM Fabricius Higher Secondary School: 2026-09 report: footpath obstructed at multiple points by bollards and garbage bins; walkway also ends abruptly, reducing safe pedestrian space outside the school.",c6dd546f-59bc-589d-946d-7e9459599f91,1,False
2e16520e-b460-445e-8d2d-aed367cd81b9,13.0587496,80.2733549,unsafe,unsafe_road,general,"Big Street near Hindu Nursery and Primary School, Triplicane: 2026-09 report: pushcarts and roadside shops narrow Big Street near the school, creating an unsafe school-access environment.",e3500af4-254d-5384-917d-f727b6783b50,1,False
9851ccc0-e1cb-49f3-9d86-77aa38196cfe,13.1189364,80.2908718,unsafe,unsafe_road,general,"Rajarathinam Nagar outside Kalaimagal Vidhayala High School, Royapuram: 2026-09 report: transformer unit is located directly outside the school gate; school management reported repeated requests to relocate the power unit.",c9e677f4-afc8-5c8e-b3f6-c8261098b5c7,1,False
f6c8b6bd-db96-414a-aead-c1521d099890,13.0767158,80.2263359,unsafe,unsafe_road,general,"Pulla Avenue outside TNHB Towers Flats & Skating Rink, Shenoy Nagar: 2026-09-10 social-media report: open pit dug for the Pulla Avenue Complete Street Project was described as a serious safety issue for road users; request made to barricade",4d983e0a-eab4-5a65-8d71-944cfd788e7a,1,False
3940ea54-458b-421e-9768-bfd5b58f392c,13.0848006,80.2152726,unsafe,unsafe_road,general,"13th Main Road near gym, Anna Nagar: 2026-09-08 social-media report: two blocks were placed on the pedestrian platform on both sides of a gate near the gym, obstructing the footpath. Ward 104.",d3ebd4d3-d879-58c2-ac13-0773fa6d85ab,1,False
ec60cefb-1223-4189-8388-d83e2258bff1,13.0767158,80.2263359,unsafe,unsafe_road,general,"Pulla Avenue Road near TNHB Towers Flats, Shenoy Nagar: 2026-09-05 social-media report: overgrown trees near an EB transformer were reported as a safety risk close to the power supply.",ee1218bf-a916-55be-b469-a6a5f8f05369,1,False
ecc5c550-0b69-4a59-9e69-ddc0a4ce4fbb,12.9698167,80.2595258,unsafe,poor_lighting,general,"Kottivakkam, Rajiv Gandhi Salai (OMR): 2026-09-14 report: resident said lighting had been improved but was still ineffective at night; jaywalking and lack of effective lighting were cited as safety concerns. Retained because Kottivakkam is ",7a33e16d-564b-5bab-8961-aa22cc608a9f,1,False
2396ac2f-295e-4baf-9b14-2a19ba9a3a03,12.9796982,80.2208043,unsafe,unsafe_road,general,"Vijayanagar 1st Cross Street near 100 Feet Road, Velachery: 2026-09-17 report: multiple deep potholes on interior stretches near Vijayanagar; people were reportedly falling while crossing the damaged section, with greater risk at night.",30110287-1470-5f2f-94e9-43510abde8d2,1,False
1a1a00c8-2da5-44ee-8296-fb9fa6ac3a1a,12.9787999,80.2198823,unsafe,unsafe_road,general,"100 Feet Road near Vijayanagar bus stand, Velachery: 2026-09-17 report: pothole-laden stretch near the Vijayanagar bus stand; pedestrians and two-wheelers face difficulty crossing the damaged surface.",cbd6325e-65cb-564a-bb70-2b78976222cb,1,False
3b04d4d6-5f5d-4d2c-94a2-435ab5476e04,12.9796982,80.2208043,unsafe,poor_lighting,general,"Vijayanagar 1st Cross Street, Velachery: 2026-09-17 report: damaged road is particularly risky at night, according to a local shopkeeper; retained as a night-safety evidence record.",a8e15ed1-be77-5743-9aed-407afb67ddc3,1,False
bf3762c1-c4a2-4efb-8270-368c90f8143e,13.0228171,80.2235701,unsafe,unsafe_transport,woman,Saidapet Court bus-shelter area: 2026-08-12 report: under-construction shelter had an excessively high platform and substandard ramp width; buses were stopping away from existing shelters and two-wheelers/other encroachments blocked stops.,fc1decd3-917f-5d28-9041-c77e241c78fc,1,False
b00941cc-771e-4dc6-9bc9-da76e328a3ea,12.8997485,80.2272579,unsafe,unsafe_road,general,OMR / Sholinganallur service-road section: 2026 Reddit report: a woman described being catcalled and followed around 10 pm while walking roughly 200–300 m from the SRP Tools bus stop/Indian Oil area. Social evidence only; not independently ,f60bb287-8d94-52a3-82d7-02f1c80e9e9d,1,False
45540438-c8b3-48a3-a726-c519bfbc8003,13.0380884,80.1452052,unsafe,unsafe_road,general,"4th Main Road, VGN Nagar, Iyyappanthangal: 2026-09-18 report: roughly 100 m of road has remained battered and unlaid for five years, with deep potholes, exposed gravel and water stagnation; a 61-year-old woman recently fell there.",f05dbaa4-aecc-5fe7-a75e-03cf7c46f626,1,False
8f4894b9-dd7b-4b0a-93cc-f9704b531546,13.0928854,80.2291018,unsafe,unsafe_road,general,"Constable Road, Ayanavaram: 2026-09-15 report: multiple damaged stretches and potholes recur along the road; two-wheelers can lose balance and the damage is harder to see at night.",fd90cd69-0826-5f9d-8928-f1aaca4a01ef,1,False
77429743-2d5f-4052-8b25-0af73155e7d9,13.0192239,80.2069752,unsafe,unsafe_road,general,"Mangai Nagar 2nd Street, Jafferkhanpet: 2026-09-12 report: sewage had stagnated on the road for more than 10 days, forcing pedestrians and two-wheelers through polluted water; children and senior citizens were specifically affected.",bea44d3b-8aeb-57f6-a233-4413fb1ebdfb,1,False
7fc88676-55de-4ef5-83cb-3edf497fa3a0,13.1117499,80.163644,unsafe,unsafe_road,general,"Road near Ambattur lake bund, Ayappakkam: 2026-09-18 report: an open sewage drain alongside the road was involved in a fatal fall on September 16; police suspected the victim lost balance near the open drain.",ead94379-9802-580d-882e-c46468dbb214,1,False
1a67465d-c2f2-4d7c-a97a-265cf8f572d4,12.9787999,80.2217262,unsafe,unsafe_road,general,"Shastri Street, Annai Indira Nagar, Velachery: 2026-09-17 report: residents identified Shastri Street among several Velachery streets in poor condition, with pothole/patching problems expected to worsen during rain.",00647dbc-7ec8-59c1-b58c-ce14b8eaf9cd,1,False
e6bfe848-d94d-4d6f-af9f-6752817173e9,12.9779015,80.2217262,unsafe,unsafe_road,general,"Kambar Street, Annai Indira Nagar, Velachery: 2026-09-17 report: residents identified Kambar Street among Velachery streets in poor condition requiring road restoration.",9685132f-cfda-5c4b-af8d-c2b5ac0fb723,1,False
c6ff88e2-4612-49e9-9380-317f01f6b898,12.9779015,80.2226482,unsafe,unsafe_road,general,"Mahatma Gandhi Street, Annai Indira Nagar, Velachery: 2026-09-17 report: residents identified Mahatma Gandhi Street among Velachery streets in poor condition; potholes and weak patching were cited as monsoon concerns.",e1f999d1-1d10-5c94-9289-ca882efbbe9f,1,False
7db8610e-1425-40a0-a9c8-b2b46732db9c,12.9796982,80.2189604,unsafe,unsafe_road,general,"Ram Nagar 5th Street, Velachery: 2026-09-17 report: residents identified Ram Nagar 5th Street among Velachery roads in poor condition ahead of the northeast monsoon.",dd9a4649-ca98-552a-8b81-dab68f2a41c6,1,False
